id;Marca;Color;fecha_matriculacion;averiado;kilometros;propietarios_anteriores;caracteristicas
1;Dodge;Green;03/07/2003;FALSO;477948,52;0;asientos_cuero,techo_solar,ayuda_frenada,techo_solar
2;Toyota;Blue;17/11/2013;FALSO;421948,26;2;ayuda_frenada,llantas,ayuda_frenada,GPS
3;Mercury;Pink;20/06/1996;VERDADERO;317059,14;2;pantalla,pantalla,GPS,GPS
4;Lincoln;Pink;14/03/2010;FALSO;437657,98;0;pantalla,ayuda_frenada,GPS,ayuda_frenada
5;Chevrolet;Mauv;23/09/2004;FALSO;67595,03;2;ABS,asientos_cuero,asientos_cuero,llantas
6;GMC;Teal;01/03/2020;VERDADERO;451927,22;2;ABS,eléctrico,llantas,3_puertas
7;Audi;Indigo;22/05/1998;VERDADERO;468855,29;3;3_puertas,pantalla,asientos_cuero,llantas
8;Ford;Red;15/05/2022;FALSO;87507,17;0;pantalla,eléctrico,android,llantas
9;Toyota;Indigo;01/07/1993;FALSO;346119,97;1;ayuda_frenada,ayuda_frenada,ABS,ayuda_frenada
10;Mitsubishi;Red;15/04/2005;FALSO;482829,77;1;3_puertas,android,GPS,GPS
11;GMC;Violet;12/06/1992;FALSO;349003,23;1;asientos_cuero,3_puertas,ayuda_frenada,llantas
12;Suzuki;Indigo;29/07/2006;VERDADERO;5044,7;3;llantas,android,3_puertas,GPS
13;Nissan;Crimson;08/06/2021;VERDADERO;162365,66;0;GPS,eléctrico,3_puertas,eléctrico
14;Ford;Crimson;04/09/2010;VERDADERO;284060,26;1;GPS,eléctrico,asientos_cuero,eléctrico
15;Honda;Khaki;15/02/2017;VERDADERO;365625,69;2;pantalla,techo_solar,android
16;Mazda;Blue;05/10/2009;VERDADERO;71346,96;2;GPS,eléctrico,3_puertas,techo_solar
17;Lexus;Aquamarine;25/07/2005;VERDADERO;282570,32;3;techo_solar,ayuda_frenada,asientos_cuero,android
18;Toyota;Maroon;21/08/2016;VERDADERO;48948,22;3;pantalla,eléctrico,techo_solar,techo_solar
19;GMC;Fuscia;06/03/2020;VERDADERO;102435,05;0;eléctrico,android,techo_solar,GPS
20;BMW;Red;29/05/2014;VERDADERO;332362,53;1;pantalla,android,3_puertas,llantas
21;Chevrolet;Maroon;02/02/2014;VERDADERO;158602,76;2;GPS,asientos_cuero,ABS,techo_solar
22;Cadillac;Orange;23/03/2001;FALSO;349274,31;1;ABS,3_puertas,ABS,llantas
23;Kia;Blue;20/04/1995;FALSO;43327,15;4;GPS,GPS,pantalla,ABS
24;Toyota;Yellow;17/09/2019;FALSO;21274,24;3;llantas,ABS,llantas,asientos_cuero
25;GMC;Aquamarine;25/04/1993;VERDADERO;22173,04;1;techo_solar,asientos_cuero,eléctrico,3_puertas
26;Mitsubishi;Yellow;07/07/2022;FALSO;39865,36;0;android,android,ayuda_frenada
27;Toyota;Green;21/06/2005;VERDADERO;131729,81;3;ABS,techo_solar,GPS
28;Mazda;Yellow;14/02/2003;VERDADERO;483284,34;5;ABS,3_puertas,ayuda_frenada,3_puertas
29;Ford;Red;27/01/1991;FALSO;32320,7;0;ABS,llantas,ABS,GPS
30;Mazda;Yellow;28/06/2007;VERDADERO;51602,38;1;GPS,asientos_cuero,ABS,android
31;Kia;Green;04/08/2006;FALSO;19611,18;1;llantas,techo_solar,android,pantalla
32;Pontiac;Green;02/01/1991;VERDADERO;232898,78;3;eléctrico,GPS,techo_solar,techo_solar
33;Cadillac;Teal;05/03/2010;VERDADERO;336663,72;2;llantas,asientos_cuero,techo_solar,pantalla
34;Acura;Indigo;08/04/2004;VERDADERO;402880,06;2;llantas,llantas,ABS,ABS
35;Lexus;Crimson;31/01/2010;FALSO;178666,08;3;ayuda_frenada,asientos_cuero,android,llantas
36;Mitsubishi;Fuscia;24/04/1994;VERDADERO;466405,15;3;ABS,android,pantalla,GPS
37;Nissan;Turquoise;14/08/2010;VERDADERO;185909,57;3;android,techo_solar,asientos_cuero,techo_solar
38;Cadillac;Green;13/12/2001;FALSO;238481,39;1;ayuda_frenada,eléctrico,eléctrico,eléctrico
39;Audi;Teal;04/01/1999;FALSO;375483,47;0;ABS,GPS,ABS,ABS
40;Mazda;Violet;21/05/1996;FALSO;136797,62;1;pantalla,ABS,ayuda_frenada,llantas
41;Volkswagen;Purple;20/08/1993;VERDADERO;484388,73;4;llantas,pantalla,ABS,ABS
42;Buick;Turquoise;15/01/2022;VERDADERO;338458,69;4;techo_solar,eléctrico,ABS,ayuda_frenada
43;Chevrolet;Teal;26/04/2006;VERDADERO;195164,84;2;3_puertas,ABS,3_puertas,eléctrico
44;Nissan;Mauv;05/03/2008;VERDADERO;191070,71;3;eléctrico,ayuda_frenada,GPS,ABS
45;Ford;Khaki;26/09/2013;VERDADERO;11606,97;2;GPS,pantalla,llantas,asientos_cuero
46;Ford;Aquamarine;26/01/2022;VERDADERO;476231,28;2;3_puertas,GPS,GPS,asientos_cuero
47;Ford;Turquoise;30/03/2011;FALSO;496009,86;1;GPS,asientos_cuero,ABS
48;Pontiac;Maroon;08/11/2016;VERDADERO;31311,4;2;asientos_cuero,ayuda_frenada,android,pantalla
49;Toyota;Puce;05/11/1995;VERDADERO;39101,64;1;techo_solar,ayuda_frenada,eléctrico,llantas
50;Dodge;Indigo;29/08/2021;FALSO;39049,41;0;pantalla,android,pantalla,llantas
51;Mercedes-Benz;Red;23/05/2009;FALSO;189223,33;2;GPS,techo_solar,android,eléctrico
52;Ford;Orange;17/03/2008;VERDADERO;9878,92;2;llantas,GPS,pantalla,3_puertas
53;Dodge;Pink;16/03/1997;FALSO;208457,51;2;android,3_puertas,ayuda_frenada
54;Volkswagen;Violet;16/12/2011;VERDADERO;305807,22;1;pantalla,techo_solar,android,ayuda_frenada
55;Chrysler;Puce;04/04/1994;FALSO;197255,88;4;llantas,GPS,ABS
56;Audi;Orange;18/12/2004;VERDADERO;30675,74;2;ABS,ayuda_frenada,GPS,3_puertas
57;Acura;Aquamarine;26/06/1994;VERDADERO;160753,21;3;llantas,GPS,android,ABS
58;Nissan;Violet;18/11/2020;VERDADERO;12567,03;2;llantas,3_puertas,GPS,eléctrico
59;Mitsubishi;Puce;27/06/2017;VERDADERO;10023,96;2;techo_solar,3_puertas,android,pantalla
60;Jeep;Yellow;31/10/2014;VERDADERO;9598,47;3;3_puertas,GPS,android,eléctrico
61;Hyundai;Violet;19/12/2002;FALSO;348267,59;3;asientos_cuero,android,ABS,asientos_cuero
62;Mitsubishi;Goldenrod;04/06/1998;VERDADERO;303110,76;1;ayuda_frenada,techo_solar,ayuda_frenada,pantalla
63;Hummer;Crimson;27/11/2007;FALSO;394727,91;0;GPS,GPS,ABS,eléctrico
64;Volvo;Crimson;03/04/1996;VERDADERO;208396,75;1;android,ayuda_frenada,pantalla,pantalla
65;Mitsubishi;Khaki;21/10/2017;VERDADERO;39453,82;0;android,techo_solar,eléctrico,3_puertas
66;Infiniti;Turquoise;14/04/2020;VERDADERO;2775,92;2;GPS,ABS,ABS,techo_solar
67;Mitsubishi;Mauv;19/05/2014;VERDADERO;76503,55;0;ABS,eléctrico,pantalla,asientos_cuero
68;Isuzu;Blue;23/05/2006;FALSO;7515,35;3;techo_solar,android,llantas,ayuda_frenada
69;Toyota;Turquoise;18/04/2004;VERDADERO;329002,95;2;eléctrico,techo_solar,techo_solar,llantas
70;Audi;Maroon;25/08/2022;VERDADERO;35344,6;4;eléctrico,eléctrico,ayuda_frenada,techo_solar
71;Ford;Mauv;29/09/2011;FALSO;49000,4;1;llantas,ABS,ABS,3_puertas
72;Kia;Aquamarine;02/05/2008;FALSO;195564,64;2;asientos_cuero,ABS,GPS,eléctrico
73;Chevrolet;Orange;19/03/2012;VERDADERO;117883,31;1;llantas,pantalla,android,android
74;Lincoln;Indigo;17/10/2021;FALSO;498908,67;3;eléctrico,GPS,GPS,GPS
75;Mercury;Yellow;25/07/2003;VERDADERO;134370,83;1;asientos_cuero,eléctrico,android,asientos_cuero
76;Mercedes-Benz;Green;04/12/1998;FALSO;17064,22;4;GPS,android,eléctrico,ayuda_frenada
77;Pontiac;Yellow;19/02/1993;FALSO;392799,07;0;3_puertas,android,llantas,eléctrico
78;Mercedes-Benz;Khaki;05/06/2008;FALSO;49347,29;1;3_puertas,android,ayuda_frenada,eléctrico
79;Isuzu;Red;21/03/1993;VERDADERO;77501,08;0;3_puertas,techo_solar,GPS,GPS
80;Mercury;Puce;11/10/1991;VERDADERO;215773,49;4;ayuda_frenada,llantas,eléctrico,llantas
81;Toyota;Goldenrod;02/06/2015;FALSO;202939,78;3;3_puertas,ABS,asientos_cuero,pantalla
82;Bentley;Red;09/09/2002;VERDADERO;183505,56;2;3_puertas,pantalla,ABS,pantalla
83;Mazda;Maroon;30/09/2020;FALSO;299036,61;0;eléctrico,android,3_puertas,3_puertas
84;Honda;Red;28/08/2003;FALSO;104150,75;1;eléctrico,ayuda_frenada,3_puertas,3_puertas
85;Chevrolet;Orange;31/01/2012;FALSO;60786,09;1;GPS,pantalla,pantalla,ayuda_frenada
86;GMC;Violet;07/09/2019;FALSO;240593,71;1;GPS,android,GPS,ayuda_frenada
87;Acura;Crimson;20/07/2005;VERDADERO;475759,54;0;ayuda_frenada,llantas,llantas,eléctrico
88;Cadillac;Pink;24/05/1992;FALSO;61653,33;1;ABS,techo_solar,llantas,llantas
89;Infiniti;Teal;07/12/2011;VERDADERO;29215,93;0;llantas,GPS,3_puertas,asientos_cuero
90;BMW;Mauv;11/06/2010;VERDADERO;9794,34;3;llantas,3_puertas,llantas
91;Ford;Fuscia;29/03/2017;VERDADERO;320934,69;0;ayuda_frenada,ayuda_frenada,ayuda_frenada,ABS
92;Nissan;Khaki;01/01/2005;VERDADERO;432842,52;4;ayuda_frenada,pantalla,asientos_cuero,3_puertas
93;Dodge;Purple;21/03/2015;FALSO;493907,83;1;pantalla,techo_solar,3_puertas,GPS
94;Audi;Violet;02/04/1994;FALSO;291450,69;0;GPS,techo_solar,GPS,ayuda_frenada
95;Mercedes-Benz;Goldenrod;14/09/1993;VERDADERO;388101,62;4;techo_solar,ayuda_frenada,3_puertas,3_puertas
96;Lexus;Purple;15/03/1992;FALSO;366005,54;4;ayuda_frenada,techo_solar,asientos_cuero,llantas
97;Mitsubishi;Mauv;07/05/2016;VERDADERO;249273,91;3;3_puertas,pantalla,pantalla
98;Kia;Indigo;18/09/2005;VERDADERO;106973,41;1;asientos_cuero,ayuda_frenada,ABS,ABS
99;Pontiac;Turquoise;11/09/2000;VERDADERO;232922,93;4;3_puertas,android,ayuda_frenada,3_puertas
100;Mercury;Maroon;09/12/1999;VERDADERO;320005,98;0;ayuda_frenada,ayuda_frenada,asientos_cuero,llantas
101;Mercedes-Benz;Yellow;02/04/2009;FALSO;9203,42;1;asientos_cuero,3_puertas,GPS,ayuda_frenada
102;Ford;Khaki;26/01/2010;VERDADERO;114281,45;4;techo_solar,ABS,3_puertas,llantas
103;Dodge;Indigo;13/04/2005;FALSO;33407,61;3;ABS,GPS,eléctrico,llantas
104;Cadillac;Indigo;16/10/2003;FALSO;329754,88;0;pantalla,pantalla,pantalla,ayuda_frenada
105;Infiniti;Khaki;25/04/1997;FALSO;82041,07;1;ayuda_frenada,android,3_puertas,asientos_cuero
106;Cadillac;Puce;31/10/2015;FALSO;331450,74;1;GPS,eléctrico,asientos_cuero,ABS
107;Mitsubishi;Yellow;07/10/2008;VERDADERO;181007,81;2;GPS,pantalla,3_puertas,ayuda_frenada
108;GMC;Crimson;20/07/1992;FALSO;40796,09;2;asientos_cuero,android,android,pantalla
109;BMW;Orange;26/11/2013;FALSO;356555,26;1;android,3_puertas,asientos_cuero
110;Dodge;Violet;02/03/1994;VERDADERO;281701,76;3;ayuda_frenada,GPS,eléctrico,ayuda_frenada
111;Suzuki;Purple;27/01/2011;FALSO;479844,89;2;eléctrico,ayuda_frenada,ABS,GPS
112;Nissan;Mauv;18/09/1997;VERDADERO;250646,43;1;ayuda_frenada,GPS,ABS,llantas
113;Scion;Mauv;26/05/1991;VERDADERO;14428,76;1;ABS,techo_solar,techo_solar,asientos_cuero
114;Honda;Turquoise;13/08/1995;FALSO;285207,34;1;eléctrico,3_puertas,3_puertas,ABS
115;Mercedes-Benz;Pink;27/09/2000;FALSO;192067,09;1;asientos_cuero,asientos_cuero,techo_solar,llantas
116;Toyota;Teal;22/09/2019;FALSO;21701,62;2;techo_solar,llantas,android,techo_solar
117;Chevrolet;Puce;27/03/1993;VERDADERO;291824,02;2;android,llantas,3_puertas,eléctrico
118;Audi;Fuscia;29/10/1991;FALSO;295059,46;3;asientos_cuero,asientos_cuero,3_puertas,ayuda_frenada
119;GMC;Turquoise;29/07/2006;VERDADERO;189031,67;2;ABS,3_puertas,pantalla,ABS
120;Oldsmobile;Indigo;10/12/2017;FALSO;468785,72;3;ABS,ayuda_frenada,techo_solar,GPS
121;Volvo;Orange;20/03/2022;VERDADERO;315096,14;1;asientos_cuero,eléctrico,llantas,asientos_cuero
122;Dodge;Aquamarine;05/07/1999;FALSO;3642,73;2;ayuda_frenada,GPS,llantas,eléctrico
123;Volkswagen;Puce;25/11/2013;VERDADERO;252702,52;2;android,android,eléctrico,ABS
124;GMC;Crimson;23/12/2009;VERDADERO;463014,15;4;ABS,android,android,techo_solar
125;Volvo;Orange;11/09/2016;FALSO;464402,94;4;llantas,eléctrico,android,GPS
126;Audi;Puce;01/03/1998;FALSO;42271,72;1;GPS,eléctrico,ayuda_frenada,android
127;Mercedes-Benz;Aquamarine;06/06/2004;VERDADERO;379349,29;2;android,asientos_cuero,techo_solar,3_puertas
128;Toyota;Teal;14/06/1995;VERDADERO;369668,46;2;ABS,android,ABS,android
129;Lincoln;Red;28/06/1995;VERDADERO;23717,56;3;ayuda_frenada,eléctrico,3_puertas,techo_solar
130;Hyundai;Teal;28/06/2014;FALSO;235594,64;2;GPS,GPS,asientos_cuero,android
131;Ford;Khaki;10/09/2005;FALSO;290439,47;3;GPS,android,GPS,eléctrico
132;Chevrolet;Khaki;10/06/2015;VERDADERO;390169,22;3;GPS,asientos_cuero,ABS,ABS
133;Lincoln;Red;11/12/1992;VERDADERO;104130,66;1;android,android,eléctrico,llantas
134;Pontiac;Yellow;04/02/2005;VERDADERO;385358,46;2;ABS,eléctrico,eléctrico,pantalla
135;Dodge;Aquamarine;15/04/2020;FALSO;17841,94;1;llantas,eléctrico,techo_solar,GPS
136;Buick;Aquamarine;20/05/2021;FALSO;177166,87;0;llantas,asientos_cuero,ayuda_frenada,pantalla
137;BMW;Orange;10/03/2022;VERDADERO;271465,59;2;pantalla,llantas,ABS,GPS
138;Mazda;Yellow;21/10/2007;VERDADERO;109230,13;0;pantalla,3_puertas,3_puertas,ayuda_frenada
139;Toyota;Violet;23/07/1993;VERDADERO;416421,72;1;GPS,android,ayuda_frenada,eléctrico
140;Toyota;Orange;01/06/1995;VERDADERO;78684,86;1;ABS,asientos_cuero,GPS,pantalla
141;BMW;Pink;16/07/2004;VERDADERO;148504,11;2;eléctrico,techo_solar,techo_solar,llantas
142;Lexus;Yellow;23/10/2019;FALSO;196251,41;0;llantas,techo_solar,GPS,android
143;Suzuki;Aquamarine;13/03/2017;VERDADERO;447858,21;3;techo_solar,GPS,ayuda_frenada,GPS
144;Mitsubishi;Orange;12/11/2005;VERDADERO;359614,45;1;ABS,asientos_cuero,llantas,techo_solar
145;BMW;Puce;22/11/2007;FALSO;135956,42;4;ayuda_frenada,GPS,techo_solar,techo_solar
146;Pontiac;Teal;30/10/2012;FALSO;308507,04;0;3_puertas,GPS,pantalla,ABS
147;Nissan;Orange;02/03/2000;FALSO;417885,11;0;ayuda_frenada,ABS,ayuda_frenada,ABS
148;Ford;Indigo;25/07/2018;VERDADERO;419009,72;4;ayuda_frenada,techo_solar,
149;Mazda;Maroon;09/06/2010;FALSO;406006,03;4;llantas,asientos_cuero,llantas,eléctrico
150;Volvo;Aquamarine;27/02/2018;FALSO;151216,87;5;techo_solar,ayuda_frenada,ayuda_frenada,llantas
151;Ford;Puce;12/01/1995;FALSO;215711,26;1;3_puertas,GPS,asientos_cuero,ABS
152;Volkswagen;Red;09/01/2015;VERDADERO;374865,32;2;GPS,ayuda_frenada,ABS,ayuda_frenada
153;Aston Martin;Aquamarine;04/04/2013;FALSO;19392,9;2;eléctrico,techo_solar,pantalla,android
154;Ford;Khaki;20/01/1997;FALSO;452041,85;0;pantalla,android,GPS,pantalla
155;Ford;Fuscia;23/04/2011;FALSO;350733,35;2;GPS,asientos_cuero,ABS,llantas
156;Cadillac;Aquamarine;19/12/2018;VERDADERO;284700,81;2;techo_solar,pantalla,pantalla,asientos_cuero
157;Mercedes-Benz;Teal;22/03/2000;VERDADERO;114835,83;1;android,eléctrico,ABS,android
158;GMC;Teal;23/11/2012;VERDADERO;8193,38;1;GPS,ayuda_frenada,techo_solar,asientos_cuero
159;Pontiac;Turquoise;03/10/2017;VERDADERO;245659,23;2;pantalla,android,ayuda_frenada,llantas
160;Ford;Yellow;06/05/2011;FALSO;337838,34;3;asientos_cuero,3_puertas,ABS,llantas
161;Buick;Violet;05/08/2020;VERDADERO;217834,36;4;techo_solar,techo_solar,asientos_cuero,eléctrico
162;Acura;Violet;28/10/2004;FALSO;21060,41;1;GPS,llantas,android,GPS
163;Chevrolet;Aquamarine;04/11/2002;VERDADERO;145311,93;0;ABS,llantas,android,3_puertas
164;Honda;Crimson;19/05/2006;VERDADERO;232681,83;3;3_puertas,llantas,eléctrico,GPS
165;Audi;Violet;08/06/2011;VERDADERO;23780,55;1;ABS,llantas,llantas,ABS
166;Mitsubishi;Goldenrod;24/04/2004;FALSO;19035,88;1;asientos_cuero,3_puertas,ABS,ayuda_frenada
167;Dodge;Pink;05/04/2011;FALSO;17202,36;2;asientos_cuero,3_puertas,pantalla,llantas
168;Ford;Khaki;25/02/1995;FALSO;34551,37;1;ABS,asientos_cuero,ABS,3_puertas
169;Audi;Pink;08/02/1998;VERDADERO;235373,44;1;ABS,3_puertas,android,techo_solar
170;Nissan;Violet;30/09/2017;FALSO;33037,76;4;techo_solar,ABS,llantas,pantalla
171;Hyundai;Green;12/12/2018;VERDADERO;34885,71;3;techo_solar,GPS,pantalla,android
172;Aston Martin;Mauv;27/01/1999;FALSO;389286,05;2;pantalla,techo_solar,android,GPS
173;Volvo;Teal;25/06/2003;VERDADERO;95696,15;0;GPS,ayuda_frenada,eléctrico,ayuda_frenada
174;Ford;Pink;03/11/2004;FALSO;110967,93;2;asientos_cuero,pantalla,techo_solar,android
175;Pontiac;Violet;22/03/1993;FALSO;276788,28;1;android,ABS,asientos_cuero,3_puertas
176;Ford;Violet;01/07/2006;VERDADERO;344050,85;4;GPS,pantalla,asientos_cuero,eléctrico
177;Jeep;Crimson;04/11/2013;FALSO;293495,14;4;eléctrico,3_puertas,llantas,llantas
178;Mazda;Orange;17/01/1996;FALSO;270246,97;3;techo_solar,pantalla,ayuda_frenada,GPS
179;Saturn;Puce;21/10/1999;VERDADERO;16733,97;0;3_puertas,techo_solar,ayuda_frenada,asientos_cuero
180;Suzuki;Maroon;23/08/2002;VERDADERO;92173,62;5;ayuda_frenada,asientos_cuero,eléctrico,ABS
181;Lexus;Teal;30/07/2022;FALSO;294006,84;0;android,asientos_cuero,GPS
182;Buick;Khaki;21/04/1998;VERDADERO;15430,98;1;eléctrico,GPS,llantas,techo_solar
183;BMW;Violet;04/07/2020;VERDADERO;11719,64;1;android,ABS,eléctrico,eléctrico
184;Cadillac;Khaki;09/01/2022;VERDADERO;67059,91;2;android,llantas,techo_solar,ABS
185;GMC;Maroon;21/09/2005;VERDADERO;47442,06;0;llantas,GPS,ayuda_frenada,techo_solar
186;Chrysler;Green;19/09/1997;FALSO;489205,38;2;techo_solar,ayuda_frenada,ayuda_frenada,asientos_cuero
187;Ford;Yellow;12/02/1996;FALSO;245198,75;1;GPS,llantas,pantalla,GPS
188;Mercury;Blue;27/11/2005;VERDADERO;22740,4;3;ayuda_frenada,asientos_cuero,android,android
189;Land Rover;Crimson;13/12/2008;VERDADERO;247163,64;4;asientos_cuero,pantalla,pantalla,llantas
190;Chrysler;Khaki;03/07/2021;FALSO;44547,09;2;eléctrico,android,GPS,ABS
191;Buick;Maroon;14/03/2018;FALSO;413919,77;0;pantalla,asientos_cuero,pantalla,GPS
192;Hummer;Yellow;09/02/1997;FALSO;420511,93;1;asientos_cuero,eléctrico,3_puertas,android
193;Ford;Yellow;04/05/2012;FALSO;253498,74;1;android,android,asientos_cuero,eléctrico
194;Buick;Turquoise;22/06/2021;VERDADERO;238785,04;3;eléctrico,GPS,asientos_cuero,asientos_cuero
195;Chevrolet;Puce;11/06/1993;VERDADERO;370341,71;1;3_puertas,ayuda_frenada,ABS,llantas
196;Mercedes-Benz;Khaki;08/02/1999;FALSO;248642,13;1;pantalla,eléctrico,pantalla,asientos_cuero
197;Buick;Aquamarine;14/09/1997;FALSO;2260,16;3;llantas,android,techo_solar,techo_solar
198;Oldsmobile;Violet;16/08/2008;FALSO;345586,05;2;asientos_cuero,android,android,pantalla
199;Suzuki;Mauv;12/06/2006;FALSO;37803,51;1;ayuda_frenada,llantas,pantalla,asientos_cuero
200;Mitsubishi;Teal;26/03/2005;FALSO;357560,45;2;3_puertas,ABS,ayuda_frenada,llantas
201;Honda;Violet;18/08/2015;FALSO;47701,3;2;techo_solar,3_puertas,ABS,llantas
202;Porsche;Purple;10/06/2005;FALSO;335619,47;1;techo_solar,asientos_cuero,techo_solar,llantas
203;Honda;Blue;23/05/2001;VERDADERO;464499,72;1;ayuda_frenada,pantalla,ayuda_frenada,eléctrico
204;Lexus;Aquamarine;01/02/2004;VERDADERO;39623,6;2;llantas,pantalla,ayuda_frenada,android
205;Suzuki;Pink;15/03/2006;FALSO;111686,91;1;asientos_cuero,pantalla,ABS,asientos_cuero
206;Porsche;Puce;15/10/2006;FALSO;146339,15;1;pantalla,GPS,GPS,asientos_cuero
207;Volvo;Pink;13/11/2019;FALSO;69261,21;1;ABS,android,3_puertas,ABS
208;Saab;Maroon;19/09/2010;VERDADERO;438936,16;1;pantalla,android,ayuda_frenada,pantalla
209;Toyota;Pink;24/07/2006;VERDADERO;465627,29;2;ABS,eléctrico,eléctrico,techo_solar
210;Mercedes-Benz;Teal;30/06/1994;VERDADERO;397186,69;3;techo_solar,ABS,llantas,eléctrico
211;Alfa Romeo;Blue;04/07/2012;FALSO;364841,78;0;ABS,asientos_cuero,GPS,android
212;Mitsubishi;Mauv;01/10/2013;VERDADERO;22298,23;0;GPS,llantas,pantalla
213;Mitsubishi;Orange;21/05/1992;FALSO;30193,53;1;pantalla,asientos_cuero,android,ayuda_frenada
214;Hyundai;Turquoise;19/07/2007;FALSO;202733,51;3;eléctrico,pantalla,pantalla,llantas
215;Porsche;Aquamarine;30/06/2007;FALSO;402944,57;2;3_puertas,GPS,3_puertas,GPS
216;Dodge;Blue;20/09/2012;VERDADERO;25881,7;2;techo_solar,ABS,ayuda_frenada,ayuda_frenada
217;Mercedes-Benz;Maroon;08/04/2021;VERDADERO;409853,58;0;android,pantalla,asientos_cuero,ayuda_frenada
218;Mazda;Blue;12/08/2001;FALSO;173954,29;3;3_puertas,pantalla,asientos_cuero,eléctrico
219;Acura;Goldenrod;04/09/2019;VERDADERO;4459,54;3;techo_solar,android,3_puertas,ABS
220;Volvo;Orange;29/10/2009;VERDADERO;26573,52;1;llantas,techo_solar,3_puertas,pantalla
221;Lamborghini;Violet;16/01/2002;VERDADERO;473028,88;2;techo_solar,pantalla,GPS,eléctrico
222;Infiniti;Pink;26/06/2009;VERDADERO;250105,88;1;pantalla,asientos_cuero,3_puertas,ABS
223;Pontiac;Violet;30/03/2017;FALSO;343778,77;2;pantalla,eléctrico,ayuda_frenada,llantas
224;GMC;Puce;05/10/2021;VERDADERO;55151,52;2;3_puertas,3_puertas,3_puertas,eléctrico
225;Mazda;Purple;27/04/2010;VERDADERO;357529,92;1;eléctrico,asientos_cuero,pantalla,pantalla
226;BMW;Orange;29/06/2004;VERDADERO;193767,39;0;ayuda_frenada,eléctrico,techo_solar,ABS
227;Volvo;Puce;05/11/1990;VERDADERO;63212,46;1;asientos_cuero,ABS,eléctrico,pantalla
228;Mercury;Indigo;25/06/2008;FALSO;247561,55;0;pantalla,eléctrico,ayuda_frenada,GPS
229;Mercedes-Benz;Pink;16/07/2018;FALSO;274199,73;1;3_puertas,eléctrico,android,GPS
230;Bentley;Maroon;10/02/2004;FALSO;30014,41;2;pantalla,3_puertas,ABS,eléctrico
231;Honda;Pink;30/07/1991;FALSO;44331,92;0;ABS,pantalla,ayuda_frenada,asientos_cuero
232;Mercedes-Benz;Khaki;11/06/2014;VERDADERO;421939,53;2;asientos_cuero,ayuda_frenada,eléctrico,llantas
233;GMC;Teal;31/01/1995;FALSO;196323,84;1;techo_solar,GPS,eléctrico,android
234;Mitsubishi;Puce;26/06/2017;FALSO;131428,37;1;GPS,android,ayuda_frenada,pantalla
235;Mercedes-Benz;Orange;19/11/1999;FALSO;81928,17;1;ayuda_frenada,asientos_cuero,asientos_cuero,asientos_cuero
236;Ford;Khaki;17/09/2009;FALSO;197570,89;1;techo_solar,ABS,techo_solar,techo_solar
237;Ford;Green;15/06/2016;FALSO;248667,78;0;ayuda_frenada,asientos_cuero,ABS,ayuda_frenada
238;Dodge;Blue;04/03/2003;FALSO;431541,95;0;techo_solar,llantas,android,ABS
239;Toyota;Mauv;26/01/2001;FALSO;288313,02;1;pantalla,GPS,ABS,3_puertas
240;Plymouth;Goldenrod;10/06/2012;VERDADERO;27886;1;techo_solar,GPS,android,eléctrico
241;GMC;Maroon;16/06/2008;FALSO;347698,15;0;android,eléctrico,GPS,asientos_cuero
242;Pontiac;Khaki;04/09/2005;FALSO;166295,01;1;3_puertas,GPS,pantalla,asientos_cuero
243;Lexus;Turquoise;14/10/1994;VERDADERO;83937,79;0;techo_solar,eléctrico,3_puertas,asientos_cuero
244;BMW;Turquoise;09/01/2004;VERDADERO;100895,55;2;android,ABS,eléctrico,android
245;Chevrolet;Crimson;07/04/1996;FALSO;66429,73;2;eléctrico,ayuda_frenada,eléctrico,llantas
246;Infiniti;Fuscia;31/12/2014;FALSO;275462,84;1;techo_solar,asientos_cuero,llantas,GPS
247;Buick;Puce;05/06/2022;FALSO;459970,23;0;pantalla,android,asientos_cuero,GPS
248;Mercury;Violet;25/07/2002;FALSO;374882,43;1;llantas,ABS,ABS,techo_solar
249;Porsche;Purple;28/02/2021;FALSO;3637,82;4;eléctrico,ABS,llantas,asientos_cuero
250;BMW;Yellow;24/04/2002;VERDADERO;203274,88;1;GPS,eléctrico,ABS,pantalla
251;Hyundai;Fuscia;28/08/2014;VERDADERO;174458,34;3;3_puertas,llantas,3_puertas
252;Kia;Khaki;15/03/2008;FALSO;92677,39;3;techo_solar,eléctrico,llantas,3_puertas
253;BMW;Aquamarine;05/04/1999;VERDADERO;150247,12;1;techo_solar,ayuda_frenada,ayuda_frenada,pantalla
254;Pontiac;Turquoise;09/07/1997;FALSO;97773,57;1;pantalla,ABS,ayuda_frenada,GPS
255;Chevrolet;Fuscia;26/09/2012;FALSO;428786,95;2;ABS,techo_solar,android,llantas
256;Chevrolet;Purple;29/04/2013;VERDADERO;56363,02;2;GPS,asientos_cuero,llantas,ayuda_frenada
257;MINI;Green;17/10/2009;VERDADERO;164003,57;1;eléctrico,eléctrico,techo_solar,asientos_cuero
258;Buick;Teal;26/12/2000;VERDADERO;52061,37;2;3_puertas,ayuda_frenada,ayuda_frenada,asientos_cuero
259;Toyota;Pink;29/09/2013;VERDADERO;56587,88;2;pantalla,techo_solar,ABS,ayuda_frenada
260;Ford;Maroon;04/01/2003;VERDADERO;249051,81;0;GPS,asientos_cuero,ABS,ABS
261;Ford;Maroon;26/07/2014;VERDADERO;191444,24;2;techo_solar,android,android,android
262;Mitsubishi;Goldenrod;23/07/2003;VERDADERO;2556,96;1;ABS,pantalla,ABS,GPS
263;Infiniti;Fuscia;06/09/1991;FALSO;175381,26;3;techo_solar,ayuda_frenada,pantalla,eléctrico
264;Lotus;Pink;12/11/2005;VERDADERO;191082,57;4;ABS,asientos_cuero,eléctrico,pantalla
265;Saab;Goldenrod;23/07/2006;VERDADERO;44649,77;1;techo_solar,asientos_cuero,eléctrico,ABS
266;Mercedes-Benz;Goldenrod;28/10/2003;FALSO;349444,62;0;pantalla,ABS,android,pantalla
267;Ford;Khaki;10/05/1994;FALSO;12223,92;2;eléctrico,pantalla,GPS,eléctrico
268;Audi;Puce;18/07/2006;FALSO;4546,23;4;eléctrico,asientos_cuero,ayuda_frenada,android
269;Dodge;Purple;09/04/2005;VERDADERO;400294,26;1;3_puertas,GPS,llantas,3_puertas
270;Lexus;Pink;16/01/2020;VERDADERO;82050,82;2;android,pantalla,techo_solar,ayuda_frenada
271;Buick;Yellow;07/04/2019;VERDADERO;66980,14;2;ayuda_frenada,ayuda_frenada,eléctrico,llantas
272;Chevrolet;Fuscia;15/09/1995;VERDADERO;26062,19;0;android,android,llantas,ayuda_frenada
273;Subaru;Indigo;30/06/2015;VERDADERO;117006,14;1;eléctrico,pantalla,android,GPS
274;Plymouth;Green;18/07/2012;FALSO;56568,61;1;asientos_cuero,eléctrico,3_puertas,techo_solar
275;Hyundai;Khaki;10/01/1994;FALSO;493620,73;0;GPS,ABS,asientos_cuero,ayuda_frenada
276;Jeep;Aquamarine;28/02/2007;FALSO;28083,03;0;GPS,ayuda_frenada,asientos_cuero,asientos_cuero
277;Ford;Green;14/10/2013;FALSO;489366,54;1;GPS,GPS,GPS,GPS
278;BMW;Blue;14/10/2008;FALSO;492542,96;2;GPS,3_puertas,pantalla,GPS
279;Pontiac;Puce;26/01/2017;FALSO;4067,68;1;ayuda_frenada,android,eléctrico,eléctrico
280;Volvo;Yellow;27/11/2007;VERDADERO;172406,74;1;eléctrico,ayuda_frenada,ayuda_frenada,ABS
281;Isuzu;Teal;27/08/2012;VERDADERO;16220,33;0;GPS,ayuda_frenada,pantalla,eléctrico
282;Toyota;Goldenrod;14/10/2000;VERDADERO;400833,88;1;ayuda_frenada,3_puertas,llantas,ayuda_frenada
283;Pontiac;Red;01/04/2015;FALSO;5656,63;0;pantalla,3_puertas,asientos_cuero,GPS
284;Mercedes-Benz;Blue;07/02/1996;VERDADERO;29676,86;3;asientos_cuero,pantalla,eléctrico,ayuda_frenada
285;Isuzu;Green;04/08/2010;VERDADERO;346557,68;1;pantalla,asientos_cuero,GPS,3_puertas
286;Hyundai;Crimson;11/10/2019;VERDADERO;413777,27;2;GPS,android,ayuda_frenada,ABS
287;Nissan;Violet;19/06/1991;FALSO;8065,13;4;eléctrico,llantas,GPS,pantalla
288;Chevrolet;Orange;28/11/2007;FALSO;457590,05;2;ayuda_frenada,GPS,eléctrico,GPS
289;Suzuki;Fuscia;17/01/2007;VERDADERO;286931,92;3;techo_solar,ayuda_frenada,eléctrico,pantalla
290;Infiniti;Aquamarine;13/08/1999;FALSO;234111,47;1;3_puertas,android,llantas,ABS
291;Jeep;Goldenrod;31/01/1997;VERDADERO;224156,12;1;pantalla,3_puertas,3_puertas,llantas
292;Saturn;Green;04/02/2006;VERDADERO;208256,59;4;ABS,ayuda_frenada,ayuda_frenada,llantas
293;Oldsmobile;Maroon;13/11/2016;VERDADERO;21934,5;0;3_puertas,ABS,llantas,llantas
294;Mitsubishi;Red;08/01/2019;FALSO;440050,72;2;llantas,pantalla,android
295;Scion;Indigo;28/12/1997;FALSO;424898,63;4;pantalla,ABS,llantas,ABS
296;Dodge;Crimson;16/08/2006;VERDADERO;266161,13;2;techo_solar,techo_solar,GPS,ABS
297;BMW;Goldenrod;02/01/1998;FALSO;471465,94;3;ABS,pantalla,GPS,eléctrico
298;Mitsubishi;Turquoise;30/06/2004;VERDADERO;207166,61;1;3_puertas,pantalla,eléctrico,llantas
299;Aston Martin;Puce;24/05/2022;FALSO;108287,13;2;GPS,GPS,ayuda_frenada,3_puertas
300;Mitsubishi;Fuscia;28/11/1992;FALSO;324603,06;1;android,asientos_cuero,pantalla,ABS
301;Pontiac;Red;19/10/1999;FALSO;314940,64;4;techo_solar,llantas,asientos_cuero,ABS
302;Mercedes-Benz;Khaki;13/01/2000;VERDADERO;164600,03;2;llantas,ayuda_frenada,3_puertas,llantas
303;BMW;Puce;20/03/2004;VERDADERO;427091,57;2;ayuda_frenada,techo_solar,GPS,3_puertas
304;Chevrolet;Green;03/05/1998;FALSO;399887,27;4;3_puertas,ABS,asientos_cuero
305;Ford;Maroon;09/04/1996;FALSO;188841,68;1;GPS,pantalla,3_puertas,3_puertas
306;Mitsubishi;Blue;27/08/2001;VERDADERO;10472,9;0;llantas,android,ABS,android
307;Kia;Turquoise;10/05/2015;FALSO;66120,46;2;llantas,ayuda_frenada,techo_solar,android
308;GMC;Indigo;01/05/2013;FALSO;489621,34;3;pantalla,android,3_puertas,ayuda_frenada
309;Ford;Indigo;03/09/1993;FALSO;474496,65;4;GPS,ayuda_frenada,asientos_cuero,asientos_cuero
310;Lincoln;Indigo;25/10/1994;VERDADERO;297561,85;0;llantas,asientos_cuero,asientos_cuero,techo_solar
311;Pontiac;Indigo;21/01/1995;FALSO;431097,72;4;asientos_cuero,asientos_cuero,GPS,ayuda_frenada
312;Ford;Indigo;12/05/2000;VERDADERO;172595,75;4;GPS,3_puertas,pantalla
313;Volvo;Teal;12/03/2000;VERDADERO;317336,35;1;GPS,eléctrico,GPS,eléctrico
314;Toyota;Yellow;12/02/1992;FALSO;5916,03;1;asientos_cuero,llantas,pantalla,3_puertas
315;Ford;Turquoise;22/08/1995;VERDADERO;12617,42;1;ayuda_frenada,techo_solar,techo_solar,pantalla
316;Jaguar;Blue;16/06/2011;VERDADERO;448421,91;0;eléctrico,ayuda_frenada,ayuda_frenada,ABS
317;Mercury;Maroon;06/12/2005;VERDADERO;45574,34;3;android,techo_solar,GPS,android
318;Kia;Mauv;13/06/2001;FALSO;127168,04;1;android,ABS,eléctrico,asientos_cuero
319;Scion;Purple;11/05/2012;FALSO;461226,22;1;asientos_cuero,llantas,ayuda_frenada,asientos_cuero
320;Toyota;Green;11/04/1996;FALSO;243169,23;0;GPS,GPS,asientos_cuero,3_puertas
321;GMC;Fuscia;02/01/2021;VERDADERO;45118,74;4;pantalla,android,3_puertas,asientos_cuero
322;Chevrolet;Orange;07/02/2000;VERDADERO;466970,25;2;android,eléctrico,techo_solar,3_puertas
323;Pontiac;Khaki;03/07/2014;FALSO;363749,97;2;asientos_cuero,pantalla,techo_solar,3_puertas
324;Kia;Maroon;04/02/2007;VERDADERO;433882,07;1;techo_solar,ayuda_frenada,techo_solar,android
325;Buick;Green;23/10/2018;VERDADERO;150829,82;0;pantalla,ayuda_frenada,GPS,android
326;GMC;Red;20/09/2002;VERDADERO;128773,23;0;GPS,eléctrico,llantas,eléctrico
327;Chrysler;Teal;18/09/2021;VERDADERO;339896,39;2;llantas,ayuda_frenada,ABS,GPS
328;Plymouth;Turquoise;06/10/2006;FALSO;309155,48;3;ayuda_frenada,ABS,3_puertas,android
329;Mazda;Orange;02/06/1994;FALSO;418818,15;0;llantas,llantas,ayuda_frenada,pantalla
330;Plymouth;Mauv;16/06/2006;VERDADERO;347140,01;4;techo_solar,ayuda_frenada,GPS,llantas
331;Acura;Crimson;04/10/1991;FALSO;314328,12;0;techo_solar,eléctrico,GPS,llantas
332;Mercury;Crimson;10/07/1998;VERDADERO;22208,27;3;ABS,llantas,GPS,llantas
333;Ford;Crimson;08/02/2000;FALSO;292162,85;2;android,GPS,ayuda_frenada,ABS
334;Lexus;Crimson;22/10/1998;VERDADERO;294537,15;1;eléctrico,GPS,android,GPS
335;Mazda;Turquoise;12/12/1990;FALSO;94792,33;2;techo_solar,ABS,llantas,3_puertas
336;Porsche;Violet;10/05/1997;FALSO;26772,57;2;android,asientos_cuero,android,ABS
337;Lamborghini;Purple;02/04/1997;VERDADERO;32896,22;2;3_puertas,eléctrico,ABS,3_puertas
338;Plymouth;Blue;01/08/2004;VERDADERO;417491,09;2;android,techo_solar,android,android
339;Buick;Violet;02/04/2004;FALSO;174356,03;4;pantalla,3_puertas,asientos_cuero,ayuda_frenada
340;Dodge;Violet;20/11/2010;FALSO;280887,44;0;GPS,ayuda_frenada,asientos_cuero,android
341;BMW;Maroon;23/11/2020;FALSO;8479,53;1;llantas,eléctrico,ABS
342;Subaru;Indigo;11/07/1995;VERDADERO;9179,57;4;techo_solar,ayuda_frenada,GPS,GPS
343;Mazda;Orange;23/06/2010;VERDADERO;45114,54;1;GPS,android,3_puertas,android
344;Volkswagen;Purple;12/11/2009;FALSO;69246,82;1;ABS,llantas,llantas,llantas
345;Mitsubishi;Maroon;16/06/2006;FALSO;421905,35;2;android,ayuda_frenada,llantas
346;Mercedes-Benz;Mauv;29/04/2012;FALSO;164651,77;3;3_puertas,ABS,3_puertas,android
347;Chevrolet;Purple;11/09/2013;VERDADERO;121116,73;1;techo_solar,asientos_cuero,GPS,pantalla
348;Mercedes-Benz;Purple;24/09/2022;VERDADERO;394259,01;1;android,android,pantalla,techo_solar
349;Mitsubishi;Goldenrod;12/02/1999;VERDADERO;69498,98;2;eléctrico,3_puertas,techo_solar,android
350;Nissan;Fuscia;04/07/2014;FALSO;23886,03;1;GPS,ayuda_frenada,eléctrico,llantas
351;Saab;Blue;03/01/1996;VERDADERO;1944,27;3;3_puertas,ABS,ayuda_frenada,GPS
352;Maybach;Violet;26/11/1996;VERDADERO;14442,58;1;llantas,3_puertas,ayuda_frenada,GPS
353;Geo;Mauv;20/03/2001;FALSO;339405,37;3;techo_solar,asientos_cuero,ABS,ABS
354;Nissan;Pink;01/05/2019;VERDADERO;389523,81;2;techo_solar,techo_solar,3_puertas,pantalla
355;Cadillac;Maroon;01/05/2019;FALSO;22899,19;3;3_puertas,asientos_cuero,pantalla,llantas
356;Ford;Aquamarine;11/06/1992;FALSO;208060,53;4;3_puertas,eléctrico,3_puertas,GPS
357;Hyundai;Mauv;09/03/2000;VERDADERO;320906,39;1;llantas,ABS,GPS,llantas
358;Mazda;Turquoise;30/03/1992;FALSO;350486,02;2;asientos_cuero,llantas,ayuda_frenada,ABS
359;Lexus;Orange;12/12/2011;VERDADERO;127807,68;2;pantalla,ABS,android,3_puertas
360;Nissan;Fuscia;11/08/2020;FALSO;70083,96;2;ABS,eléctrico,llantas,techo_solar
361;BMW;Violet;14/04/2015;VERDADERO;221114,07;0;asientos_cuero,GPS,eléctrico,ayuda_frenada
362;Toyota;Maroon;10/06/1996;FALSO;277947,96;4;asientos_cuero,ABS,pantalla,ayuda_frenada
363;Mercedes-Benz;Purple;23/02/2017;FALSO;43454,93;0;asientos_cuero,ABS,pantalla,android
364;Ford;Goldenrod;21/02/1991;FALSO;62509,63;2;ayuda_frenada,android,GPS,eléctrico
365;Ford;Goldenrod;26/05/2000;VERDADERO;193741,61;2;3_puertas,3_puertas,techo_solar,techo_solar
366;Saturn;Maroon;12/12/2020;VERDADERO;430246,33;3;asientos_cuero,llantas,pantalla
367;Ford;Fuscia;09/02/2008;FALSO;428872,23;0;android,3_puertas,GPS,GPS
368;Porsche;Maroon;12/02/2002;VERDADERO;15750,17;2;ayuda_frenada,pantalla,llantas,ayuda_frenada
369;Jeep;Mauv;29/07/2003;FALSO;434890,43;1;pantalla,ABS,pantalla,android
370;Mazda;Purple;19/12/2007;VERDADERO;80101,81;3;eléctrico,ABS,pantalla,asientos_cuero
371;Nissan;Indigo;26/01/1996;FALSO;294637,18;0;ayuda_frenada,ayuda_frenada,3_puertas,GPS
372;Volkswagen;Turquoise;05/05/2008;VERDADERO;229383,47;0;techo_solar,eléctrico,android,ayuda_frenada
373;Toyota;Turquoise;07/05/1999;VERDADERO;29958,62;2;pantalla,ABS,ABS
374;Nissan;Red;04/08/2017;FALSO;277769,84;2;eléctrico,llantas,eléctrico,android
375;Honda;Puce;03/10/2000;VERDADERO;283153,39;0;ABS,techo_solar,android,asientos_cuero
376;Toyota;Aquamarine;16/11/2009;FALSO;250387,77;4;GPS,asientos_cuero,techo_solar,3_puertas
377;Chevrolet;Orange;07/08/2015;VERDADERO;132610,42;1;techo_solar,GPS,GPS,GPS
378;Ford;Crimson;08/09/2003;FALSO;439379,88;2;eléctrico,android,asientos_cuero,pantalla
379;Nissan;Aquamarine;28/06/2004;VERDADERO;32393,82;2;eléctrico,pantalla,ABS,pantalla
380;Mitsubishi;Red;13/09/2013;VERDADERO;381269,47;2;asientos_cuero,techo_solar,ayuda_frenada,GPS
381;Lexus;Red;10/06/2006;FALSO;85875,51;3;ayuda_frenada,eléctrico,techo_solar,eléctrico
382;Nissan;Yellow;30/01/2019;FALSO;310463,61;1;3_puertas,android,ABS,eléctrico
383;Ford;Red;30/04/1998;FALSO;83899,36;4;pantalla,techo_solar,android,eléctrico
384;Buick;Pink;16/02/2011;VERDADERO;41558,28;1;asientos_cuero,techo_solar,asientos_cuero,pantalla
385;Kia;Goldenrod;03/03/2013;VERDADERO;306297,95;2;asientos_cuero,llantas,ABS,pantalla
386;Dodge;Khaki;09/02/2017;VERDADERO;472888,34;2;pantalla,ABS,ABS,ayuda_frenada
387;Mazda;Aquamarine;02/03/2015;VERDADERO;284406,46;0;GPS,asientos_cuero,llantas,android
388;Subaru;Fuscia;10/07/2005;FALSO;451441,74;1;android,3_puertas,GPS,eléctrico
389;Ford;Turquoise;19/06/2022;VERDADERO;36401,86;1;GPS,android,ABS,3_puertas
390;Subaru;Aquamarine;20/06/2014;VERDADERO;141021,42;3;asientos_cuero,android,eléctrico,GPS
391;Mitsubishi;Maroon;04/05/2005;FALSO;213007,79;1;eléctrico,eléctrico,eléctrico,ABS
392;Mercedes-Benz;Puce;13/10/1996;VERDADERO;471501,89;3;android,pantalla,asientos_cuero,3_puertas
393;GMC;Maroon;22/05/2020;VERDADERO;259085,83;3;llantas,3_puertas,android,GPS
394;Land Rover;Pink;12/04/2014;VERDADERO;455687,34;2;asientos_cuero,GPS,pantalla,pantalla
395;Hummer;Fuscia;18/02/1999;FALSO;210124,68;0;ayuda_frenada,3_puertas,pantalla,ayuda_frenada
396;Mercedes-Benz;Violet;24/06/2001;FALSO;6739,09;3;ABS,ayuda_frenada,asientos_cuero,asientos_cuero
397;Volkswagen;Turquoise;15/05/1994;FALSO;162605,39;0;ABS,pantalla,ABS,3_puertas
398;Dodge;Blue;03/01/2010;FALSO;449059,91;0;pantalla,GPS,techo_solar,eléctrico
399;Nissan;Maroon;12/02/2019;VERDADERO;154474,06;0;android,ABS,3_puertas,GPS
400;Nissan;Mauv;02/11/2002;FALSO;49390,06;2;pantalla,asientos_cuero,llantas,techo_solar
401;Chrysler;Crimson;26/08/2014;FALSO;375081,36;3;llantas,ayuda_frenada,ayuda_frenada,eléctrico
402;Volkswagen;Green;13/11/2016;VERDADERO;47002,33;1;asientos_cuero,ayuda_frenada,3_puertas,ABS
403;Dodge;Green;14/07/2012;VERDADERO;150808,74;0;techo_solar,android,llantas,eléctrico
404;Mercury;Orange;25/04/2018;VERDADERO;102598,75;1;ABS,asientos_cuero,3_puertas,llantas
405;Ford;Turquoise;14/04/2016;FALSO;496253,45;0;asientos_cuero,ayuda_frenada,ayuda_frenada,3_puertas
406;Toyota;Goldenrod;15/02/1992;FALSO;196857,45;1;techo_solar,techo_solar,techo_solar,llantas
407;Chevrolet;Blue;04/09/2017;FALSO;63919,01;1;3_puertas,ABS,pantalla,llantas
408;Mercedes-Benz;Green;20/03/2009;FALSO;71121,69;0;pantalla,llantas,android,pantalla
409;Audi;Pink;18/12/2021;FALSO;131762,09;2;asientos_cuero,ayuda_frenada,eléctrico,ayuda_frenada
410;Acura;Puce;05/12/1997;FALSO;483032,75;1;llantas,pantalla,llantas,GPS
411;Mercury;Teal;17/08/2018;FALSO;102872,66;1;3_puertas,ayuda_frenada,asientos_cuero,ayuda_frenada
412;Mercury;Red;31/10/2004;VERDADERO;126729,01;2;ayuda_frenada,llantas,ayuda_frenada,android
413;Mitsubishi;Indigo;28/01/2017;VERDADERO;130447,48;0;3_puertas,pantalla,android,ABS
414;Dodge;Purple;16/06/1994;FALSO;176252,28;3;llantas,ABS,ayuda_frenada,eléctrico
415;Bentley;Teal;10/01/2021;FALSO;33559,62;6;ABS,techo_solar,techo_solar,asientos_cuero
416;Volvo;Crimson;13/05/2005;FALSO;408454,21;3;llantas,ABS,llantas,asientos_cuero
417;Volkswagen;Turquoise;12/09/2015;FALSO;70094,74;1;android,android,3_puertas,android
418;Audi;Turquoise;01/07/2014;FALSO;114814,05;5;asientos_cuero,android,ayuda_frenada,GPS
419;Chevrolet;Aquamarine;09/01/1997;FALSO;30082,9;1;pantalla,GPS,asientos_cuero,android
420;Porsche;Yellow;01/02/2021;FALSO;106470,74;1;pantalla,llantas,ayuda_frenada,techo_solar
421;BMW;Violet;28/01/2011;VERDADERO;58722,39;2;eléctrico,ABS,asientos_cuero,ayuda_frenada
422;Chevrolet;Crimson;23/12/2014;VERDADERO;320590,38;4;techo_solar,ayuda_frenada,ayuda_frenada,android
423;Lexus;Pink;05/02/1999;FALSO;345438,13;1;techo_solar,3_puertas,techo_solar,3_puertas
424;Ford;Aquamarine;08/07/2016;FALSO;416302,64;1;llantas,llantas,ayuda_frenada,GPS
425;Buick;Fuscia;26/03/2007;VERDADERO;286086,15;1;asientos_cuero,asientos_cuero,asientos_cuero,GPS
426;MINI;Mauv;03/04/2018;VERDADERO;35917,45;0;eléctrico,ABS,GPS,llantas
427;Nissan;Yellow;27/07/2018;VERDADERO;206741,04;1;llantas,pantalla,llantas,ayuda_frenada
428;Dodge;Indigo;22/01/1997;FALSO;325386,09;1;ABS,techo_solar,llantas,asientos_cuero
429;Cadillac;Pink;26/02/2000;VERDADERO;78590,77;1;asientos_cuero,llantas,ABS,ayuda_frenada
430;Hyundai;Indigo;19/08/2007;FALSO;110594,21;1;eléctrico,techo_solar,3_puertas,pantalla
431;Cadillac;Fuscia;14/12/2020;FALSO;312127,81;0;techo_solar,ABS,3_puertas,pantalla
432;Lincoln;Crimson;17/12/2000;VERDADERO;329266,46;3;llantas,pantalla,ayuda_frenada,3_puertas
433;Subaru;Khaki;12/03/2009;VERDADERO;121011,45;1;ABS,ABS,pantalla,GPS
434;Chevrolet;Indigo;29/12/1999;VERDADERO;125753,79;1;asientos_cuero,android,GPS,pantalla
435;Lexus;Purple;11/01/2022;VERDADERO;124807,74;1;techo_solar,eléctrico,android,pantalla
436;Audi;Indigo;30/10/2004;VERDADERO;269154,79;3;techo_solar,llantas,pantalla,ayuda_frenada
437;Mercury;Crimson;30/05/2021;FALSO;310203,18;4;GPS,android,ABS,asientos_cuero
438;Pontiac;Turquoise;01/05/2019;VERDADERO;220307,33;1;3_puertas,llantas,techo_solar,eléctrico
439;Pontiac;Teal;29/10/2013;FALSO;218755,25;2;3_puertas,eléctrico,android,android
440;Mazda;Puce;16/07/2008;VERDADERO;100397,88;0;techo_solar,techo_solar,asientos_cuero,android
441;Chevrolet;Turquoise;25/05/2002;VERDADERO;55961,81;1;ayuda_frenada,llantas,3_puertas,eléctrico
442;Toyota;Orange;15/01/2014;FALSO;34185,45;2;asientos_cuero,techo_solar,pantalla,eléctrico
443;Toyota;Crimson;18/01/2002;FALSO;45949,2;4;pantalla,ABS,llantas,android
444;Nissan;Yellow;07/12/2010;VERDADERO;140457,86;1;GPS,llantas,GPS,ayuda_frenada
445;Land Rover;Puce;05/12/2005;FALSO;198042,75;1;pantalla,asientos_cuero,GPS,llantas
446;Porsche;Khaki;02/10/1992;FALSO;4016,55;1;techo_solar,3_puertas,llantas,eléctrico
447;Volkswagen;Teal;21/03/2017;FALSO;467820,53;1;ABS,eléctrico,techo_solar,techo_solar
448;Chevrolet;Green;27/07/2022;FALSO;43446,16;1;ayuda_frenada,eléctrico,android,pantalla
449;Hyundai;Pink;15/07/2017;FALSO;54789,48;2;llantas,asientos_cuero,eléctrico,techo_solar
450;Jeep;Pink;29/08/1994;VERDADERO;197099,44;0;3_puertas,android,asientos_cuero,llantas
451;Mazda;Mauv;04/08/2013;VERDADERO;145951,32;0;pantalla,android,GPS,android
452;Subaru;Goldenrod;12/11/1996;VERDADERO;189967,71;0;asientos_cuero,eléctrico,ABS,llantas
453;Nissan;Puce;24/12/1993;FALSO;214665,37;0;GPS,techo_solar,pantalla,pantalla
454;Buick;Green;02/08/1992;VERDADERO;253722,75;1;ayuda_frenada,llantas,android,ABS
455;Ford;Khaki;06/03/2021;FALSO;228477,87;2;android,asientos_cuero,android,ABS
456;Mercedes-Benz;Maroon;03/04/1993;FALSO;8447,22;2;android,ayuda_frenada,techo_solar
457;Pontiac;Blue;18/03/2020;FALSO;401773,51;2;eléctrico,GPS,pantalla,techo_solar
458;Maserati;Crimson;23/11/1991;FALSO;476279,64;0;asientos_cuero,pantalla,android,eléctrico
459;Volkswagen;Green;14/03/2004;FALSO;323519,06;1;ayuda_frenada,pantalla,pantalla,asientos_cuero
460;Mitsubishi;Indigo;07/01/1994;VERDADERO;188463,46;2;techo_solar,eléctrico,android,llantas
461;Cadillac;Aquamarine;12/10/2014;VERDADERO;290828,33;1;ABS,techo_solar,ayuda_frenada,eléctrico
462;Ford;Maroon;06/01/2013;VERDADERO;128252,05;0;android,ABS,pantalla,eléctrico
463;Chrysler;Pink;22/06/2005;FALSO;269874,94;3;ABS,ABS,llantas,pantalla
464;Mitsubishi;Orange;09/05/2020;FALSO;28703,25;1;techo_solar,android,ayuda_frenada,3_puertas
465;Volvo;Mauv;12/09/2017;VERDADERO;317981,41;0;techo_solar,asientos_cuero,3_puertas
466;Dodge;Purple;27/01/2018;VERDADERO;405107,92;3;techo_solar,pantalla,techo_solar,ABS
467;Audi;Purple;20/10/2016;FALSO;465702,95;2;pantalla,ABS,android,GPS
468;Saab;Yellow;05/11/2020;VERDADERO;67177,22;3;3_puertas,ayuda_frenada,ABS,eléctrico
469;Ford;Khaki;05/10/2021;FALSO;349614,56;1;ayuda_frenada,eléctrico,pantalla,ayuda_frenada
470;Plymouth;Violet;28/01/2006;VERDADERO;80571,46;2;ayuda_frenada,3_puertas,android,ABS
471;Dodge;Goldenrod;26/09/2004;VERDADERO;69260,34;3;ayuda_frenada,asientos_cuero,techo_solar,techo_solar
472;Ford;Goldenrod;12/01/2018;VERDADERO;254331,11;2;llantas,ayuda_frenada,eléctrico,GPS
473;Suzuki;Puce;19/04/2018;VERDADERO;161908,91;0;GPS,GPS,GPS,ABS
474;Lincoln;Green;08/12/1990;VERDADERO;60703,58;3;pantalla,pantalla,GPS,techo_solar
475;Acura;Pink;31/03/2009;FALSO;34068,19;4;asientos_cuero,ayuda_frenada,GPS,techo_solar
476;Mitsubishi;Teal;27/06/2019;VERDADERO;18389,31;1;android,android,eléctrico,eléctrico
477;Chevrolet;Indigo;02/06/1996;FALSO;381297,37;3;3_puertas,asientos_cuero,GPS,GPS
478;Scion;Indigo;19/05/1991;FALSO;13395,53;0;techo_solar,ayuda_frenada,ABS
479;Honda;Khaki;14/01/2019;VERDADERO;423715,76;0;asientos_cuero,eléctrico,eléctrico
480;Lincoln;Orange;08/06/2017;FALSO;418125,12;2;eléctrico,3_puertas,asientos_cuero,ayuda_frenada
481;BMW;Maroon;09/06/2008;VERDADERO;490919,69;0;eléctrico,pantalla,3_puertas,GPS
482;Ford;Yellow;03/04/2004;VERDADERO;360158,29;4;ayuda_frenada,pantalla,llantas,pantalla
483;Ram;Khaki;04/12/2017;FALSO;37287;1;llantas,asientos_cuero,3_puertas,llantas
484;Plymouth;Green;03/11/2013;FALSO;319665,19;1;techo_solar,llantas,llantas,llantas
485;Jeep;Indigo;06/11/2003;VERDADERO;90776,85;2;ABS,pantalla,llantas,asientos_cuero
486;Saturn;Red;02/06/1998;FALSO;317084,64;1;pantalla,GPS,pantalla,eléctrico
487;Dodge;Goldenrod;28/02/2013;VERDADERO;42300,27;2;eléctrico,ayuda_frenada,pantalla,GPS
488;Jeep;Teal;01/08/2017;FALSO;108559,47;1;3_puertas,eléctrico,GPS,eléctrico
489;Mitsubishi;Blue;02/08/2020;FALSO;367881,84;3;asientos_cuero,ayuda_frenada,GPS,GPS
490;Mitsubishi;Blue;16/09/2004;FALSO;416378,75;2;android,eléctrico,ayuda_frenada,ABS
491;Subaru;Pink;13/09/2011;FALSO;238116,38;1;android,ABS,eléctrico,ABS
492;Nissan;Crimson;05/07/2008;FALSO;177731,26;3;pantalla,android,llantas,techo_solar
493;Nissan;Fuscia;06/05/2021;FALSO;200547,02;2;techo_solar,llantas,techo_solar,techo_solar
494;Audi;Yellow;14/12/2004;VERDADERO;322648,39;3;3_puertas,techo_solar,techo_solar,3_puertas
495;Pontiac;Khaki;06/03/1992;FALSO;491873,59;3;ayuda_frenada,android,eléctrico,3_puertas
496;Bentley;Puce;02/06/2003;VERDADERO;50152,01;4;asientos_cuero,llantas,3_puertas,llantas
497;Nissan;Puce;04/07/1993;VERDADERO;46589;1;GPS,llantas,techo_solar,pantalla
498;MG;Pink;08/11/2020;VERDADERO;32949,6;2;llantas,pantalla,3_puertas,ayuda_frenada
499;Honda;Red;24/02/2000;VERDADERO;21454,81;1;android,eléctrico,ayuda_frenada
500;Toyota;Mauv;03/01/2015;FALSO;451686,95;1;ayuda_frenada,GPS,3_puertas,android
501;Chevrolet;Turquoise;23/09/2016;FALSO;286769,32;1;llantas,android,asientos_cuero,pantalla
502;Ford;Green;16/05/2012;FALSO;134932,75;2;ayuda_frenada,eléctrico,techo_solar,3_puertas
503;Buick;Mauv;16/06/2002;FALSO;121993,96;2;techo_solar,ABS,3_puertas,3_puertas
504;GMC;Khaki;20/01/2001;VERDADERO;414054,57;1;GPS,ayuda_frenada,ayuda_frenada,GPS
505;MINI;Red;15/07/2016;VERDADERO;258466,84;2;asientos_cuero,asientos_cuero,ayuda_frenada,ayuda_frenada
506;Ford;Red;02/12/2007;FALSO;113702,65;1;techo_solar,llantas,GPS,llantas
507;Audi;Maroon;15/01/2006;VERDADERO;21245,1;3;ABS,ayuda_frenada,3_puertas,3_puertas
508;Isuzu;Goldenrod;30/01/1991;VERDADERO;44325,03;2;ABS,3_puertas,ABS,llantas
509;Land Rover;Purple;05/01/2018;FALSO;375233,91;1;pantalla,3_puertas,3_puertas
510;Jeep;Green;15/08/2022;FALSO;419550,04;1;llantas,asientos_cuero,pantalla,llantas
511;Pontiac;Red;06/12/1992;VERDADERO;6314,27;3;GPS,ABS,ayuda_frenada,GPS
512;Ford;Teal;27/09/2006;VERDADERO;459336,03;2;techo_solar,android,eléctrico,pantalla
513;Chrysler;Green;28/01/2016;FALSO;141774,08;0;llantas,techo_solar,ABS,asientos_cuero
514;Saab;Red;20/02/2010;VERDADERO;29480,47;2;GPS,llantas,ayuda_frenada,android
515;Nissan;Teal;04/06/2015;VERDADERO;464265,26;2;pantalla,techo_solar,eléctrico,ayuda_frenada
516;Honda;Pink;23/11/2007;FALSO;180725,51;1;techo_solar,techo_solar,pantalla,techo_solar
517;Volkswagen;Blue;18/06/1998;VERDADERO;167466,74;2;asientos_cuero,techo_solar,GPS,android
518;Maybach;Crimson;14/09/2021;VERDADERO;29696,8;0;ABS,pantalla,eléctrico,3_puertas
519;Acura;Crimson;14/08/1995;VERDADERO;221752,23;1;GPS,android,techo_solar,eléctrico
520;Porsche;Crimson;01/06/2007;FALSO;306064,84;1;GPS,asientos_cuero,GPS,eléctrico
521;Lexus;Puce;14/01/2004;FALSO;14875,78;0;pantalla,android,3_puertas,asientos_cuero
522;Nissan;Fuscia;12/05/2005;VERDADERO;33746,64;3;3_puertas,pantalla,pantalla,ayuda_frenada
523;Dodge;Purple;20/06/1993;FALSO;12678,41;2;GPS,llantas,llantas,ABS
524;Cadillac;Indigo;23/12/2014;VERDADERO;43048,05;2;eléctrico,android,3_puertas,asientos_cuero
525;Volkswagen;Pink;12/06/2022;FALSO;36351,85;1;techo_solar,3_puertas,ABS,asientos_cuero
526;Chevrolet;Indigo;08/09/1997;FALSO;87962,94;4;GPS,GPS,ABS,android
527;Pontiac;Blue;20/07/2022;FALSO;259635,95;1;asientos_cuero,ABS,GPS,GPS
528;GMC;Teal;18/01/2005;FALSO;1214,94;3;android,ayuda_frenada,llantas,GPS
529;Lamborghini;Pink;18/02/2016;FALSO;467010,08;1;techo_solar,techo_solar,eléctrico,techo_solar
530;Ford;Orange;10/12/2003;FALSO;381006,33;1;llantas,pantalla,pantalla,llantas
531;Mitsubishi;Fuscia;03/12/2008;VERDADERO;24213,7;1;ABS,ABS,techo_solar,eléctrico
532;Chevrolet;Puce;02/11/2021;VERDADERO;100207,11;2;GPS,eléctrico,eléctrico,3_puertas
533;Geo;Goldenrod;24/06/1992;VERDADERO;38455,86;5;ABS,android,GPS,3_puertas
534;GMC;Crimson;16/10/2020;VERDADERO;173768,88;3;llantas,android,llantas,GPS
535;Dodge;Green;27/06/2015;VERDADERO;62090,39;1;GPS,eléctrico,pantalla,android
536;Honda;Fuscia;02/12/2017;VERDADERO;384413,43;0;ayuda_frenada,llantas,ABS,techo_solar
537;Infiniti;Aquamarine;01/03/2015;FALSO;86675,25;1;pantalla,3_puertas,ayuda_frenada,eléctrico
538;Dodge;Green;21/10/2006;VERDADERO;60161,96;2;asientos_cuero,ABS,ayuda_frenada,techo_solar
539;Ford;Green;22/04/1996;FALSO;401731,53;1;asientos_cuero,pantalla,eléctrico,eléctrico
540;Saturn;Maroon;19/02/2006;VERDADERO;280941,62;2;ABS,techo_solar,ayuda_frenada,android
541;Suzuki;Maroon;13/12/2014;FALSO;215898,39;4;ayuda_frenada,techo_solar,asientos_cuero,android
542;BMW;Fuscia;04/10/2014;FALSO;282530,36;1;techo_solar,asientos_cuero,llantas,eléctrico
543;Mazda;Crimson;02/12/2019;FALSO;426440,23;1;ayuda_frenada,eléctrico,ayuda_frenada,llantas
544;Eagle;Fuscia;06/09/2014;FALSO;46931,36;3;android,eléctrico,ayuda_frenada,GPS
545;Subaru;Mauv;24/05/1998;VERDADERO;185791,19;1;GPS,GPS,llantas,techo_solar
546;Mazda;Violet;22/10/2000;FALSO;131304,19;0;llantas,ABS,techo_solar,llantas
547;Ford;Turquoise;02/03/2017;FALSO;279968,28;0;android,techo_solar,ayuda_frenada,GPS
548;GMC;Violet;27/11/2019;FALSO;44318,85;0;3_puertas,eléctrico,pantalla,eléctrico
549;Dodge;Crimson;08/10/1998;VERDADERO;7909,47;1;pantalla,android,eléctrico,android
550;Chevrolet;Aquamarine;11/03/2005;VERDADERO;106641,49;3;llantas,asientos_cuero,ayuda_frenada,asientos_cuero
551;Ferrari;Khaki;12/10/2010;FALSO;35244,47;1;techo_solar,3_puertas,ABS,android
552;Volvo;Fuscia;18/08/2015;FALSO;297814,99;1;eléctrico,asientos_cuero,3_puertas,3_puertas
553;Toyota;Purple;19/08/2018;VERDADERO;166316,33;1;ABS,pantalla,ayuda_frenada,llantas
554;Cadillac;Puce;16/05/2014;VERDADERO;236242,28;1;ayuda_frenada,llantas,android,ayuda_frenada
555;GMC;Yellow;06/05/2021;FALSO;312984,31;1;pantalla,3_puertas,pantalla,ABS
556;Land Rover;Green;19/08/1995;VERDADERO;29223,28;0;llantas,ayuda_frenada,eléctrico,eléctrico
557;GMC;Blue;06/02/2022;FALSO;444231,12;2;ABS,ABS,3_puertas,GPS
558;Porsche;Maroon;16/02/1993;FALSO;311778,22;1;android,ABS,techo_solar,ABS
559;Toyota;Maroon;10/03/2020;VERDADERO;399146,01;1;llantas,pantalla,eléctrico,techo_solar
560;Ford;Purple;01/01/2003;VERDADERO;334657,43;3;ABS,ayuda_frenada,pantalla,ayuda_frenada
561;Mercedes-Benz;Turquoise;05/06/2000;FALSO;176763,47;3;eléctrico,ayuda_frenada,asientos_cuero,asientos_cuero
562;Mitsubishi;Crimson;02/12/1994;FALSO;126907,64;0;asientos_cuero,asientos_cuero,eléctrico,pantalla
563;Chevrolet;Puce;03/10/1999;VERDADERO;416669,77;0;ayuda_frenada,android,3_puertas,android
564;Lexus;Mauv;24/07/2022;FALSO;2807,74;1;asientos_cuero,GPS,3_puertas,GPS
565;Cadillac;Fuscia;21/10/2019;VERDADERO;129589,72;0;eléctrico,asientos_cuero,techo_solar,llantas
566;Honda;Turquoise;13/03/2021;VERDADERO;263674,27;3;techo_solar,3_puertas,llantas,ayuda_frenada
567;Toyota;Khaki;18/06/1996;VERDADERO;361212,38;2;ayuda_frenada,llantas,GPS,asientos_cuero
568;Mercedes-Benz;Teal;18/08/2007;FALSO;296052,63;1;3_puertas,eléctrico,asientos_cuero,ABS
569;Audi;Yellow;15/04/2007;FALSO;187079,46;1;asientos_cuero,pantalla,ayuda_frenada,3_puertas
570;Kia;Aquamarine;09/08/2003;VERDADERO;40420,86;0;android,3_puertas,ayuda_frenada,ABS
571;Ford;Fuscia;30/07/1996;FALSO;329964,06;0;llantas,GPS,llantas,android
572;Ford;Mauv;23/09/2008;FALSO;402746,88;3;asientos_cuero,techo_solar,asientos_cuero,asientos_cuero
573;Mitsubishi;Fuscia;04/05/1993;VERDADERO;468596,71;1;ABS,eléctrico,techo_solar,llantas
574;Land Rover;Puce;28/07/2003;VERDADERO;431840,95;0;3_puertas,android,ayuda_frenada,llantas
575;Cadillac;Pink;25/12/2010;VERDADERO;305968,21;2;llantas,GPS,GPS,3_puertas
576;BMW;Purple;18/06/2008;FALSO;381731,67;1;ayuda_frenada,llantas,android,pantalla
577;Dodge;Green;26/07/1995;VERDADERO;458322,45;2;3_puertas,asientos_cuero,3_puertas,GPS
578;Geo;Turquoise;31/12/2000;FALSO;321560,58;1;ayuda_frenada,asientos_cuero,ABS,llantas
579;GMC;Maroon;12/04/2018;VERDADERO;100012,93;3;llantas,asientos_cuero,ayuda_frenada
580;Isuzu;Maroon;30/04/1993;FALSO;44316,12;0;GPS,ayuda_frenada,techo_solar,eléctrico
581;Ford;Teal;25/03/2011;FALSO;66575,11;2;3_puertas,ABS,ayuda_frenada,ABS
582;Hyundai;Yellow;10/03/2017;VERDADERO;83007,63;4;android,ayuda_frenada,eléctrico
583;Subaru;Indigo;28/02/1996;VERDADERO;21058,56;1;asientos_cuero,llantas,android,android
584;MINI;Green;31/03/1997;VERDADERO;27319,87;0;pantalla,techo_solar,pantalla,pantalla
585;Mitsubishi;Pink;01/10/1997;VERDADERO;55363,49;4;3_puertas,llantas,asientos_cuero,android
586;GMC;Teal;17/02/2022;VERDADERO;494571,26;1;llantas,pantalla,ayuda_frenada,ayuda_frenada
587;Scion;Blue;19/09/1996;FALSO;305650,94;1;asientos_cuero,android,android,techo_solar
588;Subaru;Maroon;18/07/2008;VERDADERO;182291,89;3;ABS,techo_solar,eléctrico,ayuda_frenada
589;Chrysler;Orange;24/04/1992;VERDADERO;184284,58;1;ABS,ABS,asientos_cuero,3_puertas
590;Nissan;Purple;30/09/2000;FALSO;390619,74;1;asientos_cuero,android,ayuda_frenada,llantas
591;Dodge;Orange;11/04/2010;VERDADERO;395325,38;1;3_puertas,llantas,eléctrico,ayuda_frenada
592;BMW;Violet;16/12/1994;VERDADERO;209768,33;3;android,3_puertas,pantalla,ayuda_frenada
593;Saturn;Pink;21/03/2021;FALSO;85557,42;1;llantas,ABS,eléctrico,asientos_cuero
594;GMC;Mauv;01/01/2018;VERDADERO;210533,56;4;GPS,llantas,3_puertas,eléctrico
595;Volkswagen;Puce;08/08/1995;FALSO;430784,43;2;llantas,ABS,pantalla,ABS
596;GMC;Violet;30/04/1997;FALSO;309976,86;0;llantas,GPS,eléctrico,GPS
597;Mercedes-Benz;Red;28/04/1996;FALSO;27217,42;2;pantalla,asientos_cuero,ABS,ABS
598;Nissan;Puce;05/02/2006;FALSO;470926,92;2;android,GPS,techo_solar,techo_solar
599;GMC;Aquamarine;07/10/2006;FALSO;342127,26;0;llantas,techo_solar,llantas
600;Honda;Crimson;01/05/2019;FALSO;246132,45;3;android,eléctrico,pantalla,pantalla
601;Mazda;Violet;15/05/1998;VERDADERO;323630,46;0;techo_solar,eléctrico,pantalla,asientos_cuero
602;Mitsubishi;Blue;12/02/2004;VERDADERO;19708,23;0;pantalla,asientos_cuero,3_puertas,ayuda_frenada
603;Toyota;Aquamarine;11/02/2013;VERDADERO;194806,19;0;eléctrico,GPS,llantas,eléctrico
604;Toyota;Violet;19/08/1992;VERDADERO;10376,75;1;asientos_cuero,ayuda_frenada,pantalla,pantalla
605;Dodge;Blue;09/08/1993;FALSO;235237,12;3;eléctrico,android,3_puertas,ayuda_frenada
606;Mercedes-Benz;Fuscia;07/01/2014;VERDADERO;49252,89;1;eléctrico,llantas,eléctrico,techo_solar
607;Toyota;Puce;18/05/2011;FALSO;113042,57;2;llantas,pantalla,pantalla,llantas
608;Maserati;Teal;26/08/2000;VERDADERO;334379,81;1;ABS,3_puertas,llantas,3_puertas
609;Chevrolet;Aquamarine;11/03/2019;FALSO;266237,63;1;ABS,ayuda_frenada,ABS,llantas
610;Hyundai;Yellow;30/06/2015;VERDADERO;251025,29;0;GPS,GPS,GPS,techo_solar
611;Geo;Indigo;21/08/2014;FALSO;99116,29;3;ABS,techo_solar,android,GPS
612;Chevrolet;Fuscia;03/11/2005;VERDADERO;26522,45;0;GPS,3_puertas,android,techo_solar
613;Dodge;Puce;09/12/2010;VERDADERO;433187,29;1;llantas,asientos_cuero,GPS,android
614;Saturn;Indigo;19/05/2022;FALSO;200161,56;2;eléctrico,techo_solar,GPS,ayuda_frenada
615;GMC;Aquamarine;12/12/2020;FALSO;82829,29;2;asientos_cuero,ABS,techo_solar,GPS
616;Mitsubishi;Aquamarine;17/10/2004;VERDADERO;16764,48;1;GPS,llantas,3_puertas,techo_solar
617;Toyota;Puce;03/04/2011;VERDADERO;9373,31;2;GPS,ayuda_frenada,llantas,android
618;Dodge;Goldenrod;02/09/1991;FALSO;210316,31;1;3_puertas,android,techo_solar,ayuda_frenada
619;Chevrolet;Goldenrod;16/02/1992;VERDADERO;375738,19;2;pantalla,pantalla,GPS,ABS
620;Pontiac;Violet;04/04/2018;FALSO;23132,5;3;ABS,GPS,asientos_cuero
621;Eagle;Pink;28/12/2008;VERDADERO;144414,87;0;android,GPS,android,ayuda_frenada
622;Volkswagen;Turquoise;05/10/1990;VERDADERO;415812,76;0;GPS,llantas,asientos_cuero,eléctrico
623;Subaru;Fuscia;02/02/2010;VERDADERO;246960,94;1;pantalla,techo_solar,llantas,ABS
624;Toyota;Blue;08/05/2004;FALSO;279508,92;2;GPS,GPS,GPS
625;GMC;Aquamarine;23/06/2021;VERDADERO;321568,32;1;ayuda_frenada,GPS,eléctrico,ABS
626;Ford;Indigo;31/12/2017;VERDADERO;260644,68;3;GPS,techo_solar,asientos_cuero,llantas
627;Chevrolet;Indigo;10/04/2016;FALSO;48619,79;4;3_puertas,ayuda_frenada,eléctrico,llantas
628;Honda;Violet;18/10/1999;FALSO;1493,18;1;asientos_cuero,llantas,3_puertas
629;Pontiac;Maroon;09/01/2013;VERDADERO;392763,83;1;asientos_cuero,ABS,techo_solar,GPS
630;Mitsubishi;Mauv;04/06/2009;VERDADERO;14483,1;1;llantas,pantalla,ayuda_frenada,techo_solar
631;Dodge;Yellow;09/10/2003;FALSO;364913,87;1;ayuda_frenada,android,llantas,techo_solar
632;BMW;Green;02/04/2006;VERDADERO;361358,64;3;ayuda_frenada,techo_solar,asientos_cuero,llantas
633;Mitsubishi;Yellow;23/08/1994;FALSO;295344,43;3;llantas,ayuda_frenada,android,GPS
634;Subaru;Mauv;04/01/2019;FALSO;360549,91;1;3_puertas,ayuda_frenada,eléctrico,android
635;Cadillac;Indigo;15/09/2011;FALSO;284772,15;2;android,llantas,ayuda_frenada,3_puertas
636;Mercury;Turquoise;23/09/1992;FALSO;296617,85;3;ayuda_frenada,techo_solar,asientos_cuero,techo_solar
637;Subaru;Indigo;26/08/2003;VERDADERO;400661,56;1;pantalla,pantalla,techo_solar,asientos_cuero
638;Infiniti;Blue;02/05/2009;FALSO;45083,26;0;android,pantalla,pantalla
639;Ford;Green;18/07/2012;VERDADERO;84040,73;1;ayuda_frenada,3_puertas,asientos_cuero,ayuda_frenada
640;Chevrolet;Khaki;02/09/2003;VERDADERO;148566,37;2;ayuda_frenada,pantalla,eléctrico,pantalla
641;Ford;Mauv;09/10/2020;FALSO;138340,84;4;asientos_cuero,ayuda_frenada,pantalla,eléctrico
642;Ford;Yellow;22/11/2017;FALSO;295243,71;2;techo_solar,techo_solar,llantas,llantas
643;Chevrolet;Maroon;18/06/2020;VERDADERO;465072,97;1;3_puertas,ABS,ayuda_frenada,ayuda_frenada
644;Cadillac;Blue;21/02/2018;FALSO;356717,88;0;eléctrico,pantalla,pantalla,techo_solar
645;Isuzu;Blue;25/03/2018;VERDADERO;86175,93;1;techo_solar,techo_solar,ABS,3_puertas
646;Mercedes-Benz;Puce;04/02/2015;VERDADERO;391937,34;0;techo_solar,android,asientos_cuero,3_puertas
647;Mazda;Purple;16/11/2019;FALSO;27701,12;4;ayuda_frenada,ABS,android,ABS
648;Isuzu;Maroon;15/04/2022;VERDADERO;227590,49;0;asientos_cuero,eléctrico,asientos_cuero,llantas
649;Ford;Maroon;23/02/2005;FALSO;420220,37;3;ABS,techo_solar,ABS,ayuda_frenada
650;Mazda;Red;31/12/1999;VERDADERO;10425,1;0;ABS,ABS,pantalla,android
651;Geo;Blue;19/12/1995;FALSO;230123,73;1;3_puertas,techo_solar,3_puertas,ayuda_frenada
652;Chevrolet;Red;14/06/1994;FALSO;48598,89;2;pantalla,asientos_cuero,pantalla,eléctrico
653;GMC;Goldenrod;21/04/2021;FALSO;205750,56;0;ABS,eléctrico,ABS,llantas
654;Lincoln;Fuscia;29/07/2005;FALSO;134189,13;2;asientos_cuero,GPS,pantalla,ayuda_frenada
655;Ford;Violet;03/06/2010;FALSO;300150,75;1;asientos_cuero,eléctrico,ABS,GPS
656;Buick;Orange;18/08/2002;VERDADERO;429055,05;0;android,llantas,GPS,asientos_cuero
657;Volvo;Crimson;04/04/2004;FALSO;390131,19;2;asientos_cuero,GPS,techo_solar,android
658;Nissan;Red;24/09/2011;FALSO;386959,26;3;3_puertas,ABS,pantalla,pantalla
659;Subaru;Indigo;02/08/2021;FALSO;419859,49;0;techo_solar,ABS,GPS,llantas
660;Fairthorpe;Green;07/04/1991;VERDADERO;459570,88;0;asientos_cuero,techo_solar,llantas,android
661;Mazda;Crimson;05/07/2015;VERDADERO;496299,42;0;ayuda_frenada,3_puertas,3_puertas,pantalla
662;BMW;Yellow;22/02/2018;VERDADERO;498091,24;2;eléctrico,asientos_cuero,eléctrico,android
663;Mercury;Puce;17/08/2013;FALSO;286532,74;2;ABS,ayuda_frenada,ABS,pantalla
664;Lincoln;Turquoise;16/03/2010;VERDADERO;400218,32;0;techo_solar,android,techo_solar,ABS
665;Chrysler;Purple;09/07/2017;FALSO;21426,24;4;ABS,ayuda_frenada,eléctrico
666;Pontiac;Goldenrod;03/07/2014;FALSO;415814,53;0;ABS,pantalla,techo_solar,ABS
667;Toyota;Turquoise;11/06/2018;VERDADERO;14496,95;1;eléctrico,pantalla,eléctrico,3_puertas
668;Toyota;Mauv;18/07/1992;FALSO;127863,42;0;eléctrico,pantalla,techo_solar,pantalla
669;Nissan;Red;29/10/2008;VERDADERO;498645,66;2;llantas,pantalla,techo_solar,ABS
670;Mazda;Khaki;10/05/2014;VERDADERO;480783,99;0;techo_solar,asientos_cuero,android,ayuda_frenada
671;Toyota;Purple;13/02/2018;FALSO;86814,87;3;ayuda_frenada,eléctrico,3_puertas,ayuda_frenada
672;Lincoln;Maroon;16/10/2003;VERDADERO;46123,53;0;3_puertas,ABS,pantalla
673;Nissan;Puce;02/09/2009;FALSO;132399,98;1;eléctrico,GPS,ayuda_frenada,llantas
674;BMW;Pink;06/03/2015;FALSO;67240,53;3;techo_solar,pantalla,ayuda_frenada
675;Nissan;Khaki;07/10/2003;VERDADERO;125518,98;1;ABS,asientos_cuero,pantalla,android
676;Land Rover;Puce;11/10/2019;FALSO;110560,02;1;llantas,llantas,llantas,llantas
677;Toyota;Purple;20/11/2020;FALSO;136280,03;3;ABS,3_puertas,techo_solar,3_puertas
678;Ford;Indigo;17/12/1993;VERDADERO;60935,34;1;llantas,ABS,3_puertas,android
679;Mercedes-Benz;Mauv;31/12/2011;FALSO;233479,66;1;llantas,GPS,ayuda_frenada,asientos_cuero
680;Audi;Turquoise;15/05/1999;FALSO;351133,05;1;android,ABS,techo_solar,ABS
681;Chevrolet;Yellow;18/02/2010;FALSO;337243,03;0;ABS,eléctrico,ayuda_frenada,pantalla
682;Volvo;Purple;04/07/2011;VERDADERO;479845,52;5;ABS,GPS,ayuda_frenada
683;Alfa Romeo;Mauv;12/04/2020;VERDADERO;423214,58;1;GPS,techo_solar,ayuda_frenada,techo_solar
684;GMC;Green;04/02/2002;VERDADERO;374874,83;0;asientos_cuero,ABS,techo_solar,asientos_cuero
685;Infiniti;Pink;01/02/2008;FALSO;191684,86;1;llantas,llantas,asientos_cuero,llantas
686;Chevrolet;Crimson;28/10/1992;VERDADERO;446447,31;0;android,GPS,ABS,techo_solar
687;Kia;Maroon;07/11/1998;VERDADERO;177291,58;1;GPS,asientos_cuero,eléctrico,pantalla
688;Ford;Green;02/02/1998;VERDADERO;277073,85;2;asientos_cuero,GPS,3_puertas,techo_solar
689;Chevrolet;Khaki;04/11/2000;FALSO;111880,59;0;asientos_cuero,asientos_cuero,pantalla,ayuda_frenada
690;Oldsmobile;Khaki;19/11/2019;FALSO;448037,26;1;ABS,eléctrico,pantalla,llantas
691;GMC;Puce;27/07/2012;VERDADERO;79290,38;0;ABS,3_puertas,techo_solar,techo_solar
692;Mazda;Green;24/04/2012;VERDADERO;346131,78;0;GPS,3_puertas,pantalla
693;Audi;Orange;12/09/1998;FALSO;158008,63;1;GPS,techo_solar,android,GPS
694;Infiniti;Khaki;07/02/2007;FALSO;244144,73;2;llantas,3_puertas,asientos_cuero,ayuda_frenada
695;Mercedes-Benz;Goldenrod;29/04/2021;FALSO;342347,73;0;pantalla,llantas,llantas,asientos_cuero
696;Ford;Aquamarine;03/08/1995;VERDADERO;279582,55;0;pantalla,GPS,llantas,GPS
697;Suzuki;Violet;18/08/2005;FALSO;349916,82;2;pantalla,GPS,techo_solar,asientos_cuero
698;Mazda;Maroon;30/07/2015;FALSO;262240,07;1;ayuda_frenada,llantas,eléctrico,ayuda_frenada
699;Mercedes-Benz;Mauv;17/04/2019;VERDADERO;359395,92;2;3_puertas,llantas,llantas,3_puertas
700;Saab;Khaki;16/11/2020;VERDADERO;493887,63;3;ABS,GPS,eléctrico,pantalla
701;Mercedes-Benz;Red;03/07/2021;FALSO;100135,36;1;pantalla,llantas,asientos_cuero,llantas
702;Mercury;Goldenrod;30/11/2021;FALSO;265979,17;3;ABS,android,eléctrico,asientos_cuero
703;Honda;Turquoise;02/02/2009;VERDADERO;96868,47;1;ABS,GPS,asientos_cuero,ayuda_frenada
704;Acura;Green;12/04/1996;FALSO;249837,95;4;eléctrico,ABS,3_puertas,pantalla
705;Lexus;Red;13/08/2004;FALSO;10274,66;1;ABS,llantas,3_puertas,techo_solar
706;Dodge;Green;08/01/2020;VERDADERO;238764,51;0;techo_solar,ayuda_frenada,ayuda_frenada,ayuda_frenada
707;Lexus;Pink;04/07/1993;VERDADERO;164790,95;2;pantalla,android,3_puertas,3_puertas
708;Audi;Crimson;11/07/1992;FALSO;269403,94;1;3_puertas,techo_solar,techo_solar,eléctrico
709;Cadillac;Blue;22/05/2020;VERDADERO;244502,24;3;ABS,GPS,GPS,android
710;GMC;Orange;27/01/1998;FALSO;268902,64;1;asientos_cuero,techo_solar,pantalla,3_puertas
711;Oldsmobile;Indigo;26/04/2012;FALSO;206435,95;4;ayuda_frenada,3_puertas,ABS,3_puertas
712;GMC;Green;26/09/1994;VERDADERO;318503,46;2;3_puertas,llantas,techo_solar,3_puertas
713;Chevrolet;Orange;28/03/2002;FALSO;472367,91;1;ayuda_frenada,GPS,pantalla,GPS
714;Subaru;Crimson;02/03/2016;FALSO;2667,17;1;3_puertas,3_puertas,3_puertas,asientos_cuero
715;Lamborghini;Yellow;07/03/2018;FALSO;23817,55;2;ABS,3_puertas,GPS,ABS
716;Buick;Indigo;22/06/1991;FALSO;358089,21;0;android,GPS,ayuda_frenada,llantas
717;Mazda;Maroon;03/12/2014;VERDADERO;431795,83;0;ayuda_frenada,techo_solar,ayuda_frenada,GPS
718;Mercury;Purple;03/11/2014;VERDADERO;162972,53;2;pantalla,GPS,GPS,techo_solar
719;Dodge;Puce;25/02/2011;FALSO;430300,08;3;ayuda_frenada,ABS,ayuda_frenada,eléctrico
720;GMC;Khaki;04/09/2019;VERDADERO;158564,31;3;3_puertas,eléctrico,eléctrico,3_puertas
721;Mercedes-Benz;Purple;20/04/2017;FALSO;272550,54;2;GPS,GPS,3_puertas,ABS
722;Mazda;Crimson;09/07/2005;FALSO;385044,56;1;android,ABS,eléctrico,3_puertas
723;Ford;Orange;28/02/1991;VERDADERO;94482,77;0;3_puertas,GPS,android,android
724;Chevrolet;Goldenrod;20/07/2006;FALSO;23764,93;0;llantas,android,GPS,3_puertas
725;Ford;Crimson;16/02/1997;FALSO;17024,64;1;GPS,GPS,ayuda_frenada,android
726;Acura;Crimson;17/09/2014;VERDADERO;11530,85;2;asientos_cuero,asientos_cuero,GPS,GPS
727;Bentley;Maroon;28/09/2021;VERDADERO;164251,52;1;ayuda_frenada,ayuda_frenada,ABS,ayuda_frenada
728;Buick;Turquoise;29/09/2015;FALSO;65097,34;4;asientos_cuero,ayuda_frenada,GPS,asientos_cuero
729;Mercedes-Benz;Khaki;07/09/2002;FALSO;478944,18;2;3_puertas,3_puertas,ABS,3_puertas
730;Ferrari;Purple;23/11/2008;FALSO;78094,12;0;pantalla,ABS,eléctrico,ABS
731;Chevrolet;Pink;16/09/2001;FALSO;73244,44;2;eléctrico,asientos_cuero,pantalla,android
732;Pontiac;Pink;14/01/2017;VERDADERO;160323,77;1;asientos_cuero,android,android,pantalla
733;BMW;Blue;28/11/1996;FALSO;409102,67;2;techo_solar,eléctrico,eléctrico,ABS
734;BMW;Orange;16/03/2005;VERDADERO;146685,79;0;techo_solar,llantas,asientos_cuero,techo_solar
735;Bentley;Yellow;11/02/2007;VERDADERO;144348,36;2;android,ayuda_frenada,ABS,ABS
736;Ford;Orange;10/10/2018;VERDADERO;38831,5;2;llantas,eléctrico,ayuda_frenada,asientos_cuero
737;Chevrolet;Teal;10/12/2017;VERDADERO;454600,51;1;techo_solar,GPS,ABS,ABS
738;Dodge;Maroon;02/06/2021;FALSO;385876,81;1;ABS,pantalla,ayuda_frenada
739;Hyundai;Teal;28/02/2003;VERDADERO;110603,65;3;GPS,asientos_cuero,techo_solar,eléctrico
740;Mazda;Crimson;13/09/2011;FALSO;33435,83;1;eléctrico,techo_solar,llantas,GPS
741;Buick;Maroon;12/06/2002;FALSO;131830,36;2;ayuda_frenada,GPS,GPS,ayuda_frenada
742;Buick;Khaki;18/04/2015;FALSO;57009,23;1;pantalla,3_puertas,llantas,GPS
743;Dodge;Yellow;12/03/1998;FALSO;184829,99;0;techo_solar,pantalla,techo_solar,llantas
744;Toyota;Goldenrod;08/05/2009;VERDADERO;469286,16;3;GPS,3_puertas,ABS,asientos_cuero
745;GMC;Puce;30/09/2020;FALSO;62831,23;0;android,ayuda_frenada,ayuda_frenada,pantalla
746;Cadillac;Crimson;02/01/2015;FALSO;70026,41;2;asientos_cuero,ayuda_frenada,eléctrico,ayuda_frenada
747;Chevrolet;Maroon;16/12/2017;FALSO;383206,74;4;3_puertas,eléctrico,asientos_cuero,GPS
748;BMW;Red;28/04/1996;VERDADERO;25433,9;1;ayuda_frenada,3_puertas,pantalla,eléctrico
749;Subaru;Yellow;23/02/2018;VERDADERO;48109,02;2;ayuda_frenada,ayuda_frenada,techo_solar,ABS
750;Volvo;Purple;03/01/1993;VERDADERO;8381,13;1;ayuda_frenada,llantas,techo_solar,GPS
751;Lexus;Turquoise;25/02/1996;VERDADERO;371195,21;3;asientos_cuero,pantalla,ayuda_frenada,asientos_cuero
752;Land Rover;Goldenrod;20/08/2015;FALSO;90459,69;1;3_puertas,android,android,ayuda_frenada
753;Pontiac;Pink;12/07/1993;FALSO;243904,47;0;ABS,GPS,android,llantas
754;Mitsubishi;Red;05/05/2013;VERDADERO;17054,8;1;techo_solar,ayuda_frenada,asientos_cuero,techo_solar
755;Pontiac;Pink;14/02/2005;VERDADERO;312352,72;3;asientos_cuero,ABS,GPS,ABS
756;Oldsmobile;Goldenrod;06/11/1998;FALSO;126329,11;2;3_puertas,pantalla,3_puertas,techo_solar
757;Hummer;Orange;02/07/2004;FALSO;352492,73;2;ABS,llantas,eléctrico,techo_solar
758;Audi;Blue;03/06/1992;FALSO;498503,03;1;pantalla,asientos_cuero,ayuda_frenada,asientos_cuero
759;Honda;Puce;16/02/2008;VERDADERO;289079,46;3;GPS,eléctrico,techo_solar
760;Mitsubishi;Green;19/09/1992;VERDADERO;209120,39;1;3_puertas,asientos_cuero,pantalla,GPS
761;Mitsubishi;Puce;02/05/2003;VERDADERO;358389,44;2;asientos_cuero,asientos_cuero,android,GPS
762;Buick;Indigo;28/12/2017;FALSO;30368,42;0;asientos_cuero,pantalla,3_puertas,GPS
763;Chevrolet;Pink;31/12/1994;VERDADERO;10946,15;2;3_puertas,ayuda_frenada,GPS,3_puertas
764;Holden;Pink;01/05/1994;FALSO;398902,33;1;asientos_cuero,techo_solar,llantas,techo_solar
765;Dodge;Crimson;09/11/2006;VERDADERO;38621,4;0;pantalla,GPS,ABS,3_puertas
766;Saab;Mauv;27/01/1994;FALSO;190667,77;2;asientos_cuero,android,GPS,3_puertas
767;Land Rover;Pink;21/04/2008;VERDADERO;19801,7;1;ABS,asientos_cuero,eléctrico,eléctrico
768;Mercedes-Benz;Maroon;07/06/2019;FALSO;10956,52;0;ayuda_frenada,asientos_cuero,ayuda_frenada,ayuda_frenada
769;Dodge;Pink;01/01/1994;FALSO;334559,39;3;GPS,eléctrico,techo_solar,llantas
770;GMC;Purple;21/05/2010;FALSO;26737,21;1;asientos_cuero,3_puertas,GPS,llantas
771;Suzuki;Turquoise;14/09/2009;VERDADERO;454362,16;3;GPS,ayuda_frenada,eléctrico,GPS
772;Toyota;Yellow;17/03/1998;FALSO;498827,22;2;ayuda_frenada,llantas,pantalla,ABS
773;Buick;Pink;05/01/2022;VERDADERO;157933,79;2;ABS,GPS,eléctrico,GPS
774;Dodge;Crimson;07/07/2006;FALSO;153913,78;2;android,eléctrico,pantalla,llantas
775;Volkswagen;Orange;24/12/1992;FALSO;25899,31;2;ABS,android,android,ABS
776;Mitsubishi;Blue;09/02/2018;FALSO;1737,77;2;android,GPS,pantalla,android
777;Chevrolet;Red;18/05/1997;VERDADERO;423117,28;4;GPS,ABS,llantas,pantalla
778;Toyota;Aquamarine;07/09/2010;VERDADERO;153714,18;0;pantalla,llantas,ayuda_frenada,3_puertas
779;Volkswagen;Goldenrod;06/03/1998;FALSO;35896,72;1;techo_solar,3_puertas,llantas,pantalla
780;Pontiac;Blue;03/06/2001;VERDADERO;305351,73;0;3_puertas,pantalla,asientos_cuero,ayuda_frenada
781;Chevrolet;Indigo;08/06/2022;VERDADERO;217050,95;3;pantalla,llantas,android,GPS
782;Honda;Orange;29/07/1997;FALSO;375273,91;0;pantalla,llantas,llantas,asientos_cuero
783;Chevrolet;Crimson;27/04/2007;VERDADERO;178556,81;1;pantalla,techo_solar,ABS,llantas
784;Oldsmobile;Teal;11/02/2019;VERDADERO;321773,46;1;ayuda_frenada,techo_solar,eléctrico,asientos_cuero
785;Pontiac;Green;10/03/2018;FALSO;277232,54;2;eléctrico,GPS,ABS,pantalla
786;Eagle;Turquoise;13/06/1995;VERDADERO;82327,78;2;pantalla,techo_solar,android,techo_solar
787;Pontiac;Crimson;15/02/2019;FALSO;151015,13;3;llantas,asientos_cuero,ABS,ayuda_frenada
788;Ford;Violet;20/06/2008;VERDADERO;408470,05;1;3_puertas,ABS,eléctrico,android
789;Porsche;Pink;23/10/1990;VERDADERO;10671,3;0;eléctrico,ayuda_frenada,asientos_cuero,android
790;Ford;Khaki;31/05/2002;FALSO;50390,82;2;GPS,asientos_cuero,3_puertas,GPS
791;Audi;Maroon;27/04/2016;VERDADERO;344972,88;4;android,techo_solar,GPS,pantalla
792;Acura;Purple;27/11/2008;VERDADERO;8716,79;2;GPS,asientos_cuero,techo_solar,pantalla
793;GMC;Goldenrod;18/02/2008;FALSO;402562,99;1;3_puertas,asientos_cuero,llantas,android
794;Chevrolet;Green;02/01/2019;FALSO;255672,71;1;GPS,ayuda_frenada,asientos_cuero,eléctrico
795;Honda;Purple;02/12/2009;VERDADERO;297335,51;0;pantalla,android,android,pantalla
796;Audi;Teal;23/07/2008;VERDADERO;21973,85;2;eléctrico,eléctrico,techo_solar,asientos_cuero
797;Toyota;Orange;18/08/1994;VERDADERO;137286,81;2;techo_solar,llantas,ayuda_frenada
798;Lexus;Teal;13/07/2014;VERDADERO;40344,72;6;ayuda_frenada,ABS,android,android
799;Mazda;Violet;20/04/2021;VERDADERO;138817,72;1;eléctrico,techo_solar,techo_solar,android
800;BMW;Blue;05/08/2013;FALSO;363705,47;1;asientos_cuero,techo_solar,eléctrico,3_puertas
801;Plymouth;Turquoise;14/08/2017;FALSO;91706,77;1;ayuda_frenada,ayuda_frenada,pantalla,pantalla
802;Toyota;Green;05/01/2021;VERDADERO;261351,97;0;llantas,ayuda_frenada,pantalla,techo_solar
803;Volkswagen;Violet;05/09/2001;VERDADERO;91623,83;2;ABS,GPS,eléctrico,ayuda_frenada
804;Jeep;Puce;15/05/2014;VERDADERO;331103,66;0;ABS,android,pantalla,ayuda_frenada
805;Infiniti;Puce;04/04/2002;VERDADERO;205369,66;6;llantas,ABS,eléctrico,3_puertas
806;Mercury;Goldenrod;24/04/1997;FALSO;208655,64;1;techo_solar,techo_solar,llantas,llantas
807;Ford;Yellow;30/03/2005;VERDADERO;334182,67;3;techo_solar,pantalla,llantas,pantalla
808;Plymouth;Khaki;17/04/1996;VERDADERO;24073,53;4;asientos_cuero,android,GPS,pantalla
809;Dodge;Indigo;05/09/1993;FALSO;179236,88;1;techo_solar,ayuda_frenada,asientos_cuero,3_puertas
810;Mitsubishi;Pink;05/11/2019;FALSO;217497,64;3;3_puertas,GPS,llantas,eléctrico
811;Hummer;Mauv;15/08/1996;FALSO;247452,42;1;techo_solar,GPS,asientos_cuero,pantalla
812;Chrysler;Khaki;30/07/2014;VERDADERO;97575,29;0;techo_solar,eléctrico,ABS,eléctrico
813;Pontiac;Green;24/07/2014;FALSO;390510,07;0;3_puertas,GPS,eléctrico,android
814;Mercury;Red;02/08/2009;VERDADERO;261029,85;2;llantas,techo_solar,asientos_cuero,eléctrico
815;Kia;Mauv;12/07/2011;VERDADERO;22437,61;1;android,asientos_cuero,llantas
816;Saturn;Orange;05/04/1996;VERDADERO;239047,83;1;ayuda_frenada,3_puertas,GPS,llantas
817;Buick;Yellow;26/07/1993;VERDADERO;127112,09;2;techo_solar,eléctrico,asientos_cuero,pantalla
818;Buick;Purple;23/12/2001;VERDADERO;305399,72;2;android,eléctrico,pantalla,android
819;Toyota;Crimson;04/03/2005;VERDADERO;6398,82;1;ayuda_frenada,ayuda_frenada,asientos_cuero,android
820;Mazda;Violet;10/08/2004;FALSO;183415,64;1;android,GPS,android,ABS
821;Ford;Mauv;15/11/2008;FALSO;176712,46;2;GPS,android,llantas,3_puertas
822;Ford;Orange;04/07/1992;VERDADERO;459876,49;1;android,pantalla,pantalla,techo_solar
823;Nissan;Indigo;03/05/2008;FALSO;119601,05;4;GPS,3_puertas,3_puertas,techo_solar
824;Dodge;Yellow;14/02/2010;VERDADERO;341358,49;0;GPS,llantas,techo_solar,llantas
825;Ford;Green;14/08/2000;FALSO;90607,88;0;pantalla,3_puertas,ayuda_frenada,llantas
826;Toyota;Mauv;01/08/2017;FALSO;188254,31;1;pantalla,GPS,techo_solar,android
827;Mercedes-Benz;Indigo;30/07/2014;VERDADERO;484032,57;1;pantalla,ayuda_frenada,ayuda_frenada,eléctrico
828;Mazda;Yellow;28/05/2000;VERDADERO;408911,03;1;llantas,3_puertas,GPS,asientos_cuero
829;Mazda;Turquoise;05/02/1998;FALSO;335606,47;0;3_puertas,android,asientos_cuero,pantalla
830;Land Rover;Crimson;16/03/2019;FALSO;32758,16;2;asientos_cuero,3_puertas,asientos_cuero,android
831;Mercedes-Benz;Violet;14/03/1995;VERDADERO;27869,63;5;ayuda_frenada,ayuda_frenada,llantas,3_puertas
832;Oldsmobile;Red;21/12/2016;FALSO;384366,16;3;GPS,llantas,asientos_cuero,ayuda_frenada
833;Buick;Goldenrod;14/09/2011;FALSO;64818,01;0;ABS,techo_solar,eléctrico,ABS
834;Chevrolet;Goldenrod;05/11/2012;FALSO;266283,78;1;asientos_cuero,ABS,3_puertas,3_puertas
835;GMC;Teal;29/04/2005;FALSO;427010,96;2;asientos_cuero,pantalla,techo_solar,ABS
836;Volkswagen;Aquamarine;01/03/2007;VERDADERO;21584,79;3;techo_solar,asientos_cuero,asientos_cuero,GPS
837;Chevrolet;Purple;04/01/2005;FALSO;89300,15;0;llantas,asientos_cuero,llantas,techo_solar
838;Subaru;Fuscia;26/03/2005;VERDADERO;271648,57;3;GPS,llantas,android,android
839;Jeep;Mauv;11/11/2005;VERDADERO;405649,61;4;ABS,ayuda_frenada,llantas,android
840;Austin;Khaki;03/10/1995;FALSO;51871,16;2;asientos_cuero,ABS,3_puertas,techo_solar
841;Ford;Goldenrod;20/08/2006;FALSO;401807,01;2;3_puertas,android,techo_solar,eléctrico
842;Holden;Puce;13/12/2002;VERDADERO;160774,95;1;GPS,techo_solar,eléctrico,llantas
843;Isuzu;Aquamarine;11/11/2009;FALSO;50163,96;2;pantalla,techo_solar,android,llantas
844;Buick;Aquamarine;17/08/2016;VERDADERO;10552,89;2;ABS,techo_solar,ayuda_frenada,GPS
845;Kia;Fuscia;19/09/1998;FALSO;71504,29;2;android,GPS,llantas,android
846;Mercedes-Benz;Yellow;16/10/2018;FALSO;23169,02;1;ayuda_frenada,eléctrico,pantalla,GPS
847;Volvo;Khaki;16/01/2018;VERDADERO;367850,99;2;ABS,asientos_cuero,llantas,eléctrico
848;Volkswagen;Violet;21/05/2008;VERDADERO;31518,01;2;GPS,android,pantalla,eléctrico
849;Jensen;Khaki;03/09/2013;VERDADERO;42439,66;1;eléctrico,asientos_cuero,techo_solar,ABS
850;Ford;Puce;21/02/1999;VERDADERO;368802,09;1;ABS,3_puertas,eléctrico
851;Isuzu;Yellow;03/03/2005;VERDADERO;347242,59;0;3_puertas,pantalla,eléctrico,eléctrico
852;Subaru;Maroon;05/07/2015;FALSO;54790,59;3;eléctrico,3_puertas,asientos_cuero,llantas
853;Ford;Crimson;18/10/2017;FALSO;3466,53;3;GPS,GPS,android,pantalla
854;Ford;Red;28/10/2005;VERDADERO;494112,44;1;eléctrico,3_puertas,llantas,techo_solar
855;Toyota;Blue;02/06/2007;VERDADERO;408373,29;5;ayuda_frenada,ABS,pantalla,android
856;Chevrolet;Orange;21/01/2001;VERDADERO;9880,77;3;GPS,asientos_cuero,techo_solar,ABS
857;Chevrolet;Violet;01/08/2006;VERDADERO;331983,35;2;android,ayuda_frenada,ABS,pantalla
858;Nissan;Puce;05/11/2019;VERDADERO;31180,2;0;pantalla,pantalla,llantas,android
859;Ford;Aquamarine;02/09/1998;VERDADERO;217308,19;0;techo_solar,asientos_cuero,ayuda_frenada,pantalla
860;Cadillac;Indigo;11/01/2010;VERDADERO;429790,81;1;android,techo_solar,ABS,llantas
861;Ford;Maroon;04/03/1995;VERDADERO;217273,49;1;android,techo_solar,techo_solar,GPS
862;Aston Martin;Red;28/03/2022;FALSO;289854,35;4;eléctrico,ABS,eléctrico,ABS
863;Honda;Teal;24/02/2002;VERDADERO;122402,56;0;android,techo_solar,ayuda_frenada,ABS
864;Volkswagen;Purple;10/02/2002;VERDADERO;244489,45;2;llantas,pantalla,pantalla,GPS
865;Volkswagen;Fuscia;07/02/2009;VERDADERO;33969,29;5;ayuda_frenada,ABS,llantas,3_puertas
866;Lexus;Pink;26/05/1996;VERDADERO;497326,62;2;3_puertas,eléctrico,ABS,android
867;Aston Martin;Aquamarine;11/01/2015;VERDADERO;47965,21;0;ABS,pantalla,GPS,GPS
868;Volkswagen;Red;27/09/2014;FALSO;429799,59;2;ABS,android,3_puertas,eléctrico
869;Ford;Goldenrod;10/10/2008;FALSO;312559,66;3;techo_solar,GPS,ABS,techo_solar
870;Subaru;Orange;03/10/2020;FALSO;482385,12;2;asientos_cuero,ayuda_frenada,android,android
871;Chrysler;Red;09/03/2001;VERDADERO;300075,09;1;ayuda_frenada,ABS,eléctrico,eléctrico
872;Chevrolet;Crimson;31/10/2012;FALSO;129678,13;2;3_puertas,eléctrico,GPS,asientos_cuero
873;Lotus;Violet;10/11/1999;FALSO;208002,01;1;3_puertas,techo_solar,android,ayuda_frenada
874;Daihatsu;Yellow;25/06/2010;FALSO;168059,89;3;techo_solar,3_puertas,techo_solar,pantalla
875;Jensen;Khaki;12/09/2005;VERDADERO;317351,83;1;llantas,techo_solar,pantalla,pantalla
876;Toyota;Green;30/08/2021;VERDADERO;405851,74;1;3_puertas,llantas,3_puertas,ABS
877;Ford;Maroon;31/01/2015;FALSO;237729,72;3;3_puertas,GPS,llantas,asientos_cuero
878;Mercedes-Benz;Pink;22/08/2018;FALSO;357253,53;0;llantas,3_puertas,ayuda_frenada,ayuda_frenada
879;Chevrolet;Puce;20/12/2007;VERDADERO;28879,67;2;ABS,ayuda_frenada,pantalla
880;Chevrolet;Red;07/12/1994;FALSO;261248,65;2;pantalla,3_puertas,ayuda_frenada,eléctrico
881;GMC;Indigo;23/01/2020;VERDADERO;9262,3;0;GPS,techo_solar,ABS,pantalla
882;Pontiac;Fuscia;27/09/2010;VERDADERO;442331,83;2;GPS,ayuda_frenada,3_puertas,android
883;Chrysler;Violet;02/04/2016;FALSO;388961,89;4;techo_solar,3_puertas,techo_solar,eléctrico
884;Mazda;Blue;03/11/2006;VERDADERO;350859,47;2;ABS,eléctrico,asientos_cuero,eléctrico
885;Pontiac;Pink;08/03/2003;FALSO;486116,22;0;pantalla,3_puertas,ayuda_frenada,pantalla
886;Rolls-Royce;Blue;11/06/2011;FALSO;373475,09;1;3_puertas,techo_solar,pantalla,GPS
887;Chevrolet;Aquamarine;26/09/2012;VERDADERO;1019,09;1;llantas,eléctrico,ABS,android
888;Toyota;Purple;06/01/2006;FALSO;90890,88;0;asientos_cuero,ABS,techo_solar,asientos_cuero
889;Ford;Puce;10/10/2020;VERDADERO;320352,25;2;ABS,3_puertas,ABS,3_puertas
890;Honda;Fuscia;10/05/2005;VERDADERO;432954,61;1;techo_solar,techo_solar,ABS,ayuda_frenada
891;Audi;Maroon;25/05/1993;FALSO;250053,14;3;GPS,asientos_cuero,ayuda_frenada,GPS
892;Saab;Red;19/05/2010;FALSO;377101,94;0;llantas,asientos_cuero,techo_solar,pantalla
893;Nissan;Mauv;26/03/1996;VERDADERO;2220,39;2;llantas,llantas,eléctrico,ayuda_frenada
894;Honda;Khaki;14/05/2016;VERDADERO;321516,97;0;llantas,ayuda_frenada,llantas
895;Ford;Fuscia;07/06/1998;VERDADERO;487601,44;0;eléctrico,asientos_cuero,techo_solar,ayuda_frenada
896;Chevrolet;Fuscia;01/11/2009;VERDADERO;143734,86;1;ABS,asientos_cuero,android,pantalla
897;Lexus;Puce;17/07/2007;VERDADERO;408837,71;0;ABS,ABS,android,ABS
898;MINI;Orange;13/05/2018;VERDADERO;382473,22;2;3_puertas,pantalla,ABS,pantalla
899;Kia;Violet;23/04/2001;VERDADERO;8636,36;3;eléctrico,ayuda_frenada,GPS
900;Mazda;Green;13/12/2001;VERDADERO;35269,43;4;eléctrico,asientos_cuero,llantas,ABS
901;Isuzu;Fuscia;02/03/2004;VERDADERO;476984,49;1;techo_solar,techo_solar,3_puertas,asientos_cuero
902;Oldsmobile;Maroon;14/05/2011;VERDADERO;422111,95;1;eléctrico,GPS,ayuda_frenada,android
903;Mazda;Green;23/01/2008;VERDADERO;414623,24;4;asientos_cuero,3_puertas,pantalla,android
904;Toyota;Purple;08/09/2019;FALSO;237856,12;2;ayuda_frenada,asientos_cuero,llantas,ABS
905;Kia;Aquamarine;09/10/2007;VERDADERO;165953,67;2;ABS,GPS,ABS,pantalla
906;Plymouth;Indigo;27/04/1993;FALSO;98256,47;3;3_puertas,pantalla,GPS,ABS
907;Acura;Puce;14/09/2017;FALSO;399043,98;1;asientos_cuero,ayuda_frenada,techo_solar,GPS
908;Volvo;Khaki;13/06/2021;FALSO;312250,66;1;android,llantas,techo_solar,3_puertas
909;Lamborghini;Mauv;06/07/2000;VERDADERO;471037,51;4;android,llantas,llantas,eléctrico
910;Panoz;Violet;27/02/2006;FALSO;12259,24;1;techo_solar,techo_solar,llantas,ayuda_frenada
911;Honda;Puce;26/09/1993;VERDADERO;10599,32;1;pantalla,GPS,techo_solar,techo_solar
912;Audi;Mauv;04/04/1994;VERDADERO;297083,98;0;techo_solar,ayuda_frenada,3_puertas,pantalla
913;Toyota;Red;24/11/2011;FALSO;420094,58;3;pantalla,ABS,GPS,techo_solar
914;Volvo;Teal;04/06/1991;VERDADERO;101179,12;1;asientos_cuero,asientos_cuero,pantalla,asientos_cuero
915;Mitsubishi;Red;20/10/1999;VERDADERO;61370,03;2;GPS,eléctrico,android,ABS
916;Ford;Blue;27/02/2021;FALSO;467908,87;3;GPS,asientos_cuero,3_puertas,pantalla
917;GMC;Green;05/01/2010;VERDADERO;32266,5;2;techo_solar,eléctrico,ABS,llantas
918;Hyundai;Teal;15/08/1997;FALSO;248405,27;0;ayuda_frenada,3_puertas,llantas,pantalla
919;Dodge;Teal;08/03/2014;VERDADERO;92136,11;3;ayuda_frenada,ABS,3_puertas,asientos_cuero
920;Lotus;Red;09/02/2001;VERDADERO;86093,61;1;eléctrico,ayuda_frenada,GPS,ABS
921;Ford;Aquamarine;03/09/2022;VERDADERO;298150,02;3;pantalla,techo_solar,llantas,ABS
922;Porsche;Teal;13/06/2002;FALSO;487385,47;1;GPS,GPS,llantas,3_puertas
923;Saab;Pink;06/01/2005;FALSO;457840,75;1;llantas,ABS,asientos_cuero,3_puertas
924;Ford;Blue;23/12/2007;VERDADERO;337985,55;1;llantas,android,pantalla,3_puertas
925;Mitsubishi;Aquamarine;01/09/2006;VERDADERO;440879,97;3;GPS,eléctrico,llantas,android
926;Jaguar;Green;15/01/2002;FALSO;164722,12;4;3_puertas,llantas,pantalla,3_puertas
927;Ford;Violet;14/07/2022;FALSO;309696,08;0;techo_solar,3_puertas,3_puertas,llantas
928;Buick;Crimson;07/01/2004;VERDADERO;207866,36;0;ayuda_frenada,ABS,techo_solar,asientos_cuero
929;Mitsubishi;Maroon;31/03/2002;FALSO;437257,49;4;techo_solar,pantalla,eléctrico,ayuda_frenada
930;Audi;Crimson;17/10/2017;VERDADERO;394625,57;2;pantalla,ABS,techo_solar,GPS
931;Volkswagen;Green;15/12/2017;FALSO;196190,88;2;ABS,ABS,3_puertas,techo_solar
932;Toyota;Puce;12/09/1996;FALSO;118316,35;1;asientos_cuero,GPS,llantas,3_puertas
933;Lexus;Indigo;01/06/2007;VERDADERO;452775,57;1;techo_solar,asientos_cuero,GPS
934;Porsche;Khaki;23/07/2000;FALSO;330866,92;0;asientos_cuero,android,ABS,ABS
935;Buick;Red;26/08/2013;FALSO;380247,28;3;eléctrico,techo_solar,llantas,android
936;Volkswagen;Turquoise;09/01/1994;FALSO;396370,72;7;eléctrico,GPS,techo_solar,llantas
937;Ford;Mauv;25/10/1998;VERDADERO;387264,78;1;eléctrico,asientos_cuero,llantas,ABS
938;Chevrolet;Teal;20/05/2005;FALSO;59970,72;1;android,llantas,eléctrico,android
939;Dodge;Aquamarine;10/09/2015;VERDADERO;151025,14;1;android,techo_solar,techo_solar,ayuda_frenada
940;Jeep;Pink;24/12/2016;VERDADERO;3690,62;3;asientos_cuero,3_puertas,eléctrico,llantas
941;Oldsmobile;Indigo;27/05/2015;FALSO;468016,79;2;asientos_cuero,GPS,3_puertas,eléctrico
942;Toyota;Purple;26/12/2003;VERDADERO;100820,59;1;llantas,GPS,techo_solar,3_puertas
943;Cadillac;Crimson;16/06/2009;VERDADERO;133604,45;1;pantalla,android,ayuda_frenada,ABS
944;Oldsmobile;Yellow;16/05/1993;VERDADERO;456550,02;0;pantalla,eléctrico,llantas,3_puertas
945;Volvo;Goldenrod;03/09/2001;FALSO;480364,66;1;android,ABS,pantalla
946;Mitsubishi;Blue;26/02/1992;FALSO;343150,27;5;eléctrico,GPS,ABS,asientos_cuero
947;Mercedes-Benz;Orange;11/01/1997;FALSO;20288,31;1;eléctrico,GPS,ayuda_frenada,techo_solar
948;Cadillac;Orange;20/11/2002;FALSO;418171,26;2;ABS,asientos_cuero,pantalla,llantas
949;Mazda;Maroon;01/12/2014;FALSO;183828,35;1;techo_solar,techo_solar,techo_solar,ayuda_frenada
950;Volkswagen;Violet;05/06/2012;VERDADERO;428341,46;1;android,eléctrico,eléctrico,ayuda_frenada
951;Toyota;Turquoise;27/02/2003;FALSO;50759,15;3;pantalla,ayuda_frenada,ayuda_frenada,pantalla
952;Hyundai;Indigo;03/03/1992;VERDADERO;29166,52;2;pantalla,llantas,llantas,ABS
953;Lexus;Goldenrod;22/08/1991;FALSO;476937,55;2;pantalla,ayuda_frenada,pantalla,ayuda_frenada
954;Subaru;Violet;18/11/2010;VERDADERO;299842,67;3;ayuda_frenada,android,pantalla,ayuda_frenada
955;Pontiac;Green;31/08/2016;VERDADERO;139971,79;2;ABS,android,eléctrico,llantas
956;Ford;Violet;28/11/2011;VERDADERO;189003,37;0;asientos_cuero,asientos_cuero,asientos_cuero,techo_solar
957;Ford;Blue;08/03/2012;FALSO;164567,43;0;eléctrico,ayuda_frenada,techo_solar,GPS
958;Cadillac;Pink;23/07/2020;VERDADERO;434544,57;1;ABS,llantas,eléctrico,android
959;GMC;Blue;31/05/2010;VERDADERO;25566,45;1;ABS,3_puertas,asientos_cuero,ayuda_frenada
960;Subaru;Violet;05/07/2016;VERDADERO;103526,09;2;pantalla,asientos_cuero,GPS,ABS
961;Honda;Violet;04/07/1996;FALSO;373400,38;0;ABS,GPS,ayuda_frenada,ABS
962;Dodge;Aquamarine;03/08/2011;VERDADERO;253464,18;1;asientos_cuero,techo_solar,ABS,asientos_cuero
963;Lotus;Fuscia;09/05/2011;FALSO;324325,75;0;ABS,eléctrico,eléctrico,ABS
964;Honda;Mauv;02/07/2010;VERDADERO;499462,49;1;eléctrico,3_puertas,eléctrico,ABS
965;Chrysler;Orange;22/08/2013;VERDADERO;61504,16;1;3_puertas,techo_solar,android,techo_solar
966;GMC;Violet;06/04/2002;VERDADERO;182071,83;3;techo_solar,ayuda_frenada,eléctrico,GPS
967;Mitsubishi;Orange;02/05/2004;FALSO;319997,31;1;llantas,3_puertas,llantas,ABS
968;Dodge;Violet;09/12/2003;VERDADERO;440642,77;1;asientos_cuero,ABS,GPS,android
969;Dodge;Aquamarine;07/07/1992;VERDADERO;272143,26;1;GPS,ayuda_frenada,ayuda_frenada,pantalla
970;Audi;Yellow;05/11/1991;FALSO;111999,09;1;3_puertas,asientos_cuero,android,3_puertas
971;Pontiac;Crimson;16/11/2008;VERDADERO;188486,33;1;ABS,llantas,asientos_cuero,llantas
972;Lincoln;Blue;06/07/1992;FALSO;2368,28;1;GPS,android,pantalla,ayuda_frenada
973;Bentley;Yellow;11/10/2018;FALSO;397605,79;1;pantalla,llantas,techo_solar,techo_solar
974;Volkswagen;Pink;06/06/1991;FALSO;4065,13;2;llantas,eléctrico,techo_solar
975;Chrysler;Green;29/11/1990;VERDADERO;248223,18;3;GPS,techo_solar,3_puertas,GPS
976;Jeep;Orange;20/07/1999;VERDADERO;396919,23;1;ayuda_frenada,ayuda_frenada,asientos_cuero,ayuda_frenada
977;Dodge;Mauv;26/11/2004;FALSO;68777,61;2;eléctrico,llantas,3_puertas,eléctrico
978;Mazda;Pink;26/08/2002;VERDADERO;208900,48;1;GPS,techo_solar,techo_solar,ayuda_frenada
979;Toyota;Orange;01/06/2013;VERDADERO;202941,29;1;3_puertas,android,techo_solar,GPS
980;Nissan;Purple;05/05/2000;VERDADERO;456538,01;1;GPS,ayuda_frenada,eléctrico,3_puertas
981;Mazda;Crimson;14/03/2019;VERDADERO;54777,94;4;GPS,eléctrico,GPS,asientos_cuero
982;Morgan;Aquamarine;28/04/1995;VERDADERO;205535,93;2;android,GPS,techo_solar,asientos_cuero
983;Chevrolet;Violet;24/04/1993;VERDADERO;337970,16;1;pantalla,asientos_cuero,eléctrico,llantas
984;Mercury;Puce;19/06/2008;FALSO;239221,26;0;eléctrico,3_puertas,GPS,3_puertas
985;Ford;Turquoise;06/12/1994;VERDADERO;339783,37;1;ayuda_frenada,pantalla,pantalla,ABS
986;Jeep;Fuscia;17/11/1995;FALSO;36754,78;1;eléctrico,ABS,3_puertas,android
987;GMC;Goldenrod;15/11/2017;FALSO;199612,07;2;asientos_cuero,pantalla,3_puertas
988;Ford;Green;31/08/1997;FALSO;271264,97;3;llantas,eléctrico,llantas,3_puertas
989;Land Rover;Fuscia;21/09/2005;VERDADERO;108833,02;1;ayuda_frenada,ayuda_frenada,techo_solar
990;Chevrolet;Turquoise;13/02/2019;VERDADERO;125180,49;0;techo_solar,eléctrico,eléctrico,android
991;Pontiac;Orange;25/01/2006;FALSO;82552,71;3;ayuda_frenada,GPS,eléctrico,android
992;Mazda;Blue;20/05/2016;FALSO;492650,83;1;techo_solar,ABS,ayuda_frenada,llantas
993;Chevrolet;Pink;15/07/2010;VERDADERO;6385,43;1;ABS,llantas,asientos_cuero,ayuda_frenada
994;Lexus;Purple;17/11/1995;FALSO;4624,01;1;3_puertas,3_puertas,eléctrico,ABS
995;Aston Martin;Violet;02/05/2003;FALSO;420488,59;2;pantalla,asientos_cuero,llantas,ABS
996;GMC;Green;08/08/2000;FALSO;469565,64;1;asientos_cuero,3_puertas,llantas,GPS
997;Toyota;Goldenrod;16/08/1992;VERDADERO;19962,04;3;GPS,pantalla,llantas,GPS
998;Mercedes-Benz;Pink;29/01/2001;FALSO;7251,7;2;ayuda_frenada,ayuda_frenada,asientos_cuero,pantalla
999;Volvo;Mauv;10/01/1991;FALSO;169725,46;3;3_puertas,eléctrico,asientos_cuero,android
1000;Morgan;Aquamarine;10/01/2022;FALSO;168402,51;4;eléctrico,ABS,llantas,ABS
