id;nombre;apellidos;gender;pais;fecha_nacimiento;altura;peso;hobbies
1;Hadleigh;Hinsch;Male;Indonesia;08/03/1999;1,91;66;squash,running,futbol,pintura
2;Meyer;Sones;Male;Indonesia;22/01/1988;1,61;54;pintura,cine,yoga,running
3;Allsun;Woodroff;Female;Philippines;05/11/1996;1,86;97;running,pintura,pintura,pintura
4;Aeriel;Cholonin;Female;Cambodia;03/07/1998;1,61;83;teatro,musica,videojuegos,teatro
5;Vere;Peaseman;Female;Thailand;12/10/1995;1,72;59;pintura,squash,peliculas,running
6;Candi;Bride;Female;Yemen;27/10/1995;1,71;68;libros,squash,musica,squash
7;Reilly;Wythe;Male;Ukraine;07/12/1998;1,73;72;futbol,padel,padel
8;Gladys;Busst;Female;Brazil;25/10/1999;1,99;112;squash,libros,peliculas
9;Waldo;Frisch;Male;Swaziland;01/11/1987;1,81;77;cine,viajes,running,musica
10;Jazmin;Aplin;Female;China;13/06/1993;1,68;71;running,running,squash,viajes
11;Dwain;Gillard;Male;Poland;16/12/1989;1,6;82;videojuegos,teatro,cine,videojuegos
12;Lynett;Fowley;Female;Micronesia;05/07/1988;1,69;116;yoga,padel,videojuegos,musica
13;Julita;Orniz;Female;Indonesia;09/08/1993;2;78;viajes,teatro,teatro,teatro
14;Jeremy;Bartlomieczak;Male;Indonesia;20/09/1988;1,54;82;futbol,peliculas,squash,squash
15;Evered;Humbell;Male;Japan;08/03/2001;1,85;85;videojuegos,teatro,videojuegos,squash
16;Nan;Chaytor;Female;Indonesia;07/05/1993;1,64;109;futbol,pintura,running,futbol
17;Jany;Wyldish;Female;Indonesia;10/03/1994;1,85;110;futbol,running,running,cine
18;Herc;Gunda;Male;Indonesia;14/11/1994;1,52;109;peliculas,cine,pintura,futbol
19;Gladys;Ollander;Female;Sweden;23/10/1990;1,78;88;musica,yoga,viajes,peliculas
20;Lia;Mumberson;Female;China;10/02/1995;1,76;119;yoga,squash,teatro,cine
21;Brew;Delamere;Male;Greece;07/04/2001;1,91;117;pintura,cine,running,yoga
22;Hope;Radin;Female;Iran;23/08/1993;2;117;videojuegos,videojuegos,peliculas
23;Twyla;Crighton;Female;Poland;31/05/1988;2,04;105;squash,running,libros,pintura
24;Goldia;Ettridge;Female;Ukraine;20/02/1990;1,57;96;viajes,libros,libros,futbol
25;Burt;Cowdery;Male;Indonesia;18/01/2000;1,78;118;padel,peliculas,musica,videojuegos
26;Rafe;Coye;Male;Japan;25/06/1988;1,81;75;yoga,yoga,viajes,futbol
27;Margi;Euesden;Genderfluid;North Korea;10/11/1988;1,96;55;libros,yoga,running,viajes
28;Paulie;Mennear;Male;Philippines;02/04/1994;1,74;65;cine,cine,teatro
29;Lianna;Pymar;Female;Kyrgyzstan;20/01/1992;1,76;53;running,yoga,pintura
30;Uri;Figgs;Bigender;Netherlands;30/07/2001;1,73;56;teatro,cine,libros,padel
31;Brynna;Clibbery;Female;Sweden;08/03/1991;1,85;69;padel,musica,peliculas,videojuegos
32;Rube;Benzies;Male;Mexico;04/04/1997;1,61;72;videojuegos,musica,videojuegos,padel
33;Reina;Carrick;Female;United States;29/11/1997;1,99;82;libros,videojuegos,videojuegos,padel
34;Oswald;Potter;Male;France;11/09/1989;1,72;74;peliculas,libros,yoga,libros
35;Chickie;Pearn;Genderfluid;China;05/11/2001;1,81;81;running,musica,teatro,padel
36;Nichols;Quarles;Male;Indonesia;11/08/1992;1,71;101;pintura,videojuegos,libros,teatro
37;Devina;Hemphrey;Female;Slovenia;06/03/2000;1,82;81;musica,libros,libros
38;Gerrie;Brozsset;Female;China;27/12/1987;1,77;51;libros,libros,squash,libros
39;Buddie;O'Currine;Male;Indonesia;26/03/1992;1,86;77;libros,squash,musica,videojuegos
40;Mia;Elden;Female;France;16/07/1992;1,88;96;viajes,viajes,videojuegos,pintura
41;Gran;Rouby;Agender;Brazil;17/04/1999;1,86;103;padel,musica,videojuegos,libros
42;Leland;Gribbins;Female;China;17/06/1988;1,68;78;squash,yoga,pintura,padel
43;Corrianne;Kinsella;Female;Tajikistan;12/04/1999;1,95;95;teatro,musica,running,libros
44;Alyse;Timmins;Female;Mexico;17/08/1995;1,95;87;yoga,peliculas,musica,musica
45;Addie;Way;Male;Poland;04/05/1993;1,93;77;squash,yoga,videojuegos,libros
46;Bran;Macari;Male;Canada;01/07/2001;2;53;yoga,futbol,yoga,yoga
47;Ricca;Janew;Female;Nigeria;21/06/1989;1,98;90;squash,peliculas,peliculas,teatro
48;Nikkie;Folli;Female;France;26/06/1998;1,8;110;padel,libros,musica,libros
49;Barnard;Hemphall;Male;China;29/10/1989;1,6;55;videojuegos,musica,squash,videojuegos
50;Tommi;Hynd;Female;Brazil;21/06/1998;1,99;62;videojuegos,futbol,cine,padel
51;Dix;Dreye;Female;Guatemala;08/07/1989;1,74;100;squash,cine,libros,running
52;Roanna;Perfitt;Female;Venezuela;25/05/1993;1,72;116;running,peliculas,cine,squash
53;Celina;Laurencot;Female;China;15/11/1993;1,99;65;libros,viajes,musica,peliculas
54;Margy;Saenz;Female;Sweden;16/04/1991;1,7;111;libros,yoga,padel,squash
55;Verina;Haslehurst;Female;China;10/12/1991;1,92;111;yoga,yoga,futbol,squash
56;Whitney;Adacot;Male;Indonesia;24/04/1993;1,8;117;pintura,squash,squash,viajes
57;Jennica;Mardoll;Female;Philippines;04/07/1988;1,77;55;musica,padel,padel,cine
58;Dur;Weight;Male;Brazil;04/04/1996;1,99;91;yoga,cine,squash,futbol
59;Ronni;Beardshall;Female;Indonesia;02/08/1999;1,75;70;viajes,futbol,yoga,pintura
60;Chan;Paschke;Male;Nigeria;10/03/1988;1,6;112;futbol,teatro,yoga
61;Saidee;Colleran;Female;Poland;17/09/1995;1,62;78;musica,cine,viajes,squash
62;Christoper;Verey;Male;Chile;24/12/1996;1,77;99;teatro,yoga,cine,cine
63;Gretal;Huntington;Female;Philippines;04/10/1995;1,71;103;libros,squash,videojuegos,padel
64;Webster;Mac Giolla Pheadair;Male;China;12/01/1989;1,55;102;musica,teatro,musica,futbol
65;Sella;Corey;Female;Poland;06/06/1999;1,74;61;musica,padel,musica,libros
66;Tiler;Carr;Male;Germany;23/03/1992;1,6;86;teatro,yoga,padel,teatro
67;Sukey;Rarity;Female;Lebanon;09/12/1988;1,54;80;futbol,cine,running,cine
68;Doll;Mac Giany;Female;Indonesia;30/03/1992;1,58;109;teatro,peliculas,padel,teatro
69;Donica;Glynne;Female;China;08/03/1998;1,75;89;futbol,viajes,viajes,videojuegos
70;Reamonn;Tanswell;Polygender;Australia;14/02/1999;1,7;77;pintura,running,viajes,musica
71;Cherin;Dudliston;Female;China;23/06/1996;1,64;71;futbol,libros,viajes
72;Alva;Seckom;Male;Philippines;12/08/1994;1,6;93;viajes,pintura,running,musica
73;Emlynne;McLeary;Female;Iran;08/01/1997;1,76;115;viajes,libros,peliculas,pintura
74;Fitz;Dibley;Male;Indonesia;20/05/2001;1,53;95;libros,yoga,futbol,musica
75;Dalis;Shepeard;Male;Nicaragua;21/04/1991;1,65;111;cine,running,padel,teatro
76;Stinky;Gianolo;Male;Russia;27/08/1995;1,84;65;running,running,viajes,running
77;Byrle;Seaton;Agender;Indonesia;06/07/1996;1,99;53;cine,padel,futbol,teatro
78;Antony;Silbersak;Male;China;17/03/1996;1,85;91;videojuegos,futbol,cine,running
79;Evyn;Sapsed;Male;Japan;07/05/1996;1,85;63;musica,yoga,peliculas,pintura
80;Kara-lynn;Inglefield;Female;China;25/06/1991;2,04;90;futbol,teatro,running,pintura
81;Cristi;Abelovitz;Female;South Korea;09/07/1991;1,81;68;peliculas,videojuegos,viajes,musica
82;Ignacio;Leiden;Genderqueer;Indonesia;16/02/1995;1,86;115;peliculas,running,padel
83;Katheryn;Janic;Female;Czech Republic;22/07/1994;1,92;93;pintura,viajes,yoga,videojuegos
84;Theda;Feak;Female;Philippines;13/06/1999;1,69;92;pintura,videojuegos,running,running
85;Faith;Havock;Female;Peru;17/03/1993;1,93;53;viajes,libros,peliculas,cine
86;Kort;Neumann;Male;Canada;29/07/1998;1,89;65;futbol,libros,viajes,running
87;Pris;Aleksankov;Female;Philippines;03/03/1997;1,59;102;padel,libros,yoga,libros
88;Henrie;Gerling;Female;Russia;22/05/1995;1,84;50;futbol,cine,yoga,futbol
89;Dorry;Vossgen;Female;Philippines;24/12/1992;1,69;119;futbol,teatro,running,teatro
90;Tina;Como;Female;Indonesia;03/07/2001;1,95;94;pintura,padel,futbol,viajes
91;Celestina;Hollerin;Bigender;Dominican Republic;27/01/2001;1,62;96;squash,teatro,futbol,padel
92;Konstantin;Alvis;Male;United States;19/05/1988;1,61;115;futbol,videojuegos,peliculas
93;Inglis;Quadri;Male;Bulgaria;11/10/2001;1,53;85;videojuegos,videojuegos,libros,viajes
94;Conn;Woodroofe;Male;China;15/02/1995;1,94;79;teatro,squash,squash,futbol
95;Kinnie;Bonafant;Male;Indonesia;08/11/1999;1,59;71;libros,running,musica,teatro
96;Connie;MacGoun;Polygender;Russia;16/10/1991;1,98;67;padel,videojuegos,libros,libros
97;Byron;Keene;Male;Brazil;17/01/1990;1,93;60;teatro,videojuegos,running,viajes
98;Briney;Dyzart;Female;Portugal;14/01/1996;1,81;69;videojuegos,musica,libros,pintura
99;Janina;Ormes;Genderqueer;Indonesia;21/10/1988;1,6;82;futbol,videojuegos,musica,yoga
100;Lisa;Charker;Female;China;27/11/1992;1,56;86;viajes,viajes,squash,futbol
101;Stillman;Featherby;Male;Brazil;16/12/2001;1,58;110;running,peliculas,teatro,peliculas
102;Clarette;Heal;Female;Colombia;05/01/1998;1,76;120;musica,teatro,teatro,padel
103;Ware;Killik;Genderqueer;Indonesia;19/09/1999;1,89;67;padel,running,running,viajes
104;Winston;Mallard;Male;United States;10/02/1994;1,78;55;cine,futbol,squash,pintura
105;Dewain;Stuer;Male;Australia;23/08/1988;1,84;81;viajes,futbol,teatro
106;Sula;Trangmar;Female;Latvia;02/09/1989;1,75;101;libros,musica,padel,teatro
107;Yvon;Ivan;Male;Vietnam;29/08/1996;2,03;81;squash,squash,pintura,cine
108;Val;Pilmore;Male;United States;16/06/2002;1,51;115;futbol,viajes,teatro,peliculas
109;Jeanine;Placidi;Female;Indonesia;21/07/1999;1,54;114;futbol,musica,musica,padel
110;Carleen;Stuchbury;Female;Poland;28/12/1998;1,75;115;padel,padel,peliculas,yoga
111;Jenifer;Craydon;Female;China;22/07/1989;1,92;74;squash,viajes,teatro,peliculas
112;Afton;Wistance;Female;China;30/08/1990;1,84;117;padel,peliculas,running,cine
113;Stacey;Gribbins;Female;Ireland;30/08/1995;1,64;96;padel,squash,squash
114;Giselbert;Bettanay;Male;Ukraine;25/07/1991;1,74;69;cine,yoga,futbol
115;Jarred;Paeckmeyer;Male;China;12/02/1991;2;98;yoga,teatro,teatro,viajes
116;Grove;Fawlks;Male;Indonesia;31/05/1994;1,68;63;viajes,pintura,teatro,padel
117;Jeni;Linnock;Female;Indonesia;07/05/1990;2,04;110;viajes,videojuegos,yoga,peliculas
118;Lilian;Stollenberg;Female;Ukraine;20/03/1992;1,59;66;peliculas,running,musica,pintura
119;Jerome;Hebborn;Male;Russia;06/07/1993;1,52;64;cine,teatro,running,running
120;Buiron;Mapples;Male;China;02/04/2001;1,68;102;viajes,squash,videojuegos
121;Hillery;Stollwerck;Male;Colombia;02/08/1993;1,63;74;musica,padel,running
122;Ignatius;Arnaudin;Male;Philippines;09/08/1997;1,79;104;cine,musica,viajes,pintura
123;Seamus;MacConnal;Male;Philippines;27/11/1990;1,7;115;libros,padel,futbol,musica
124;Drew;Fieldgate;Male;Syria;30/07/2002;2,01;107;pintura,peliculas,teatro
125;Kissiah;Karolyi;Female;Canada;06/12/1997;1,86;67;padel,squash,pintura,teatro
126;Horst;Stelle;Male;Japan;26/07/1992;1,79;80;padel,squash,videojuegos
127;Page;Coye;Female;Macedonia;26/11/1988;1,71;109;musica,viajes,pintura,viajes
128;Noelyn;Duer;Female;New Zealand;04/12/2000;1,88;93;videojuegos,musica,cine,cine
129;Marietta;Bach;Polygender;Brazil;12/02/2002;1,58;89;cine,peliculas,squash,squash
130;Ivie;Alvy;Female;Brazil;01/08/1988;1,68;85;videojuegos,padel,yoga,yoga
131;Boot;Sedwick;Male;China;12/08/1991;1,63;116;padel,padel,musica,pintura
132;Chariot;Gallichiccio;Male;Venezuela;16/05/2000;1,88;81;viajes,futbol,musica,teatro
133;Jeremie;Studdeard;Male;Ivory Coast;22/02/1998;1,74;63;padel,padel,musica
134;Bibbie;Sandy;Female;Burkina Faso;18/02/2000;1,73;72;padel,pintura,peliculas,futbol
135;Rhonda;Evelyn;Female;Costa Rica;16/05/1999;1,93;111;pintura,cine,libros,teatro
136;Brande;di Rocca;Female;China;19/04/1988;1,94;75;padel,cine,futbol,libros
137;Broderick;Crother;Male;China;29/09/1991;1,76;97;cine,viajes,teatro,musica
138;Krisha;Windows;Male;Philippines;12/12/1999;1,81;68;futbol,running,teatro,futbol
139;Lyn;Birkenshaw;Male;Sweden;30/03/2001;1,61;79;yoga,videojuegos,musica,pintura
140;Findlay;Colliss;Male;Indonesia;18/10/2000;1,65;67;cine,futbol,peliculas
141;Monroe;Delph;Male;Japan;27/01/1997;1,76;109;musica,cine,musica,libros
142;Jourdain;Bigham;Male;Kazakhstan;13/10/1989;1,61;106;futbol,libros,running,pintura
143;Nora;Espinoy;Female;United States;30/07/1994;1,66;72;viajes,futbol,teatro,futbol
144;Thibaud;Duinkerk;Male;Finland;08/07/1998;1,58;70;cine,yoga,cine,teatro
145;Whittaker;Weiner;Male;Greece;28/10/1999;1,72;92;futbol,musica,videojuegos,pintura
146;Weidar;Kolodziejski;Male;China;03/05/1993;1,76;55;squash,musica,viajes,viajes
147;Trescha;Cowlas;Female;Canada;29/01/1988;1,68;58;viajes,musica,libros,squash
148;Caresa;Ianno;Female;Tunisia;11/10/1992;1,72;65;futbol,padel,videojuegos,teatro
149;Jacquenette;Traice;Female;Philippines;26/12/1999;1,8;80;viajes,libros,futbol,pintura
150;Tarah;Desvignes;Female;Thailand;10/10/1990;1,86;51;yoga,pintura,padel,teatro
151;Pren;Meryett;Male;Ecuador;02/05/1988;1,74;96;libros,yoga,running,libros
152;Babbette;Loachhead;Female;Poland;09/05/2002;1,68;99;padel,squash,futbol,squash
153;Shermy;Spurrett;Agender;France;09/01/1989;1,58;81;viajes,teatro,peliculas,squash
154;Bret;Castro;Male;Tanzania;31/03/1990;1,7;108;libros,libros,yoga,libros
155;Opaline;Mc Ilwrick;Female;Indonesia;28/01/1998;1,7;76;videojuegos,yoga,cine
156;Westley;Batchelar;Male;Canada;18/09/1998;1,86;59;futbol,libros,pintura,padel
157;Beret;Tift;Genderfluid;Indonesia;24/07/1995;1,69;55;musica,squash,running
158;Lilla;Blanchette;Female;Argentina;23/06/1995;1,92;71;teatro,peliculas,videojuegos,viajes
159;Quinta;d' Elboux;Female;South Africa;03/05/2001;1,89;91;musica,teatro,padel,peliculas
160;Vanda;Hugonet;Female;Peru;21/08/1994;1,63;68;padel,libros,padel,yoga
161;Mitchel;Bertot;Male;Ireland;17/10/1997;1,55;55;musica,libros,libros,videojuegos
162;Ronnie;Piggford;Female;Denmark;24/08/1998;1,78;82;pintura,viajes,running,cine
163;Magnum;Crome;Male;Indonesia;05/01/1988;1,82;74;cine,yoga,peliculas,yoga
164;Dynah;Keelin;Female;China;24/08/1996;1,87;65;musica,cine,cine,musica
165;Laraine;Gauden;Female;Moldova;11/06/2002;1,64;100;viajes,musica,cine,viajes
166;Pearl;Streets;Genderfluid;Hungary;28/03/1991;1,66;73;teatro,yoga,peliculas,peliculas
167;Bryn;McCawley;Male;China;27/12/1995;1,82;81;teatro,viajes,libros,teatro
168;Madelyn;Durban;Female;China;12/09/1999;1,73;52;pintura,cine,teatro
169;Carlen;Ruslen;Female;Poland;06/01/1996;1,74;51;running,futbol,squash,padel
170;Cory;Larvent;Genderfluid;Argentina;24/07/1989;1,79;108;viajes,cine,cine,futbol
171;Jone;Phebey;Male;China;27/04/2002;1,74;55;running,yoga,futbol,viajes
172;Cheslie;Gullen;Female;Panama;30/04/1999;1,94;109;teatro,cine,teatro,yoga
173;Deloris;Zanazzi;Female;China;28/04/2002;1,56;96;cine,teatro,futbol
174;Ajay;Beall;Female;Russia;25/07/1993;1,83;113;padel,videojuegos,cine,videojuegos
175;Jefferey;Picardo;Male;Indonesia;17/01/1989;1,63;54;cine,cine,cine,pintura
176;Goldie;Youell;Female;China;23/04/1997;1,92;79;squash,musica,squash,yoga
177;Obidiah;Howden;Male;China;24/10/1996;1,89;59;videojuegos,musica,squash,squash
178;Livvy;Garment;Female;Thailand;01/08/1990;1,96;78;videojuegos,teatro,musica
179;Selby;McGaugey;Bigender;Peru;25/01/2000;1,58;64;yoga,videojuegos,squash,teatro
180;Rutter;Foch;Male;Philippines;25/01/1990;1,59;52;libros,viajes,teatro,pintura
181;Bill;Arkell;Male;France;21/07/2000;1,97;102;squash,peliculas,viajes,peliculas
182;Seline;Philbrick;Female;Indonesia;14/07/1997;1,52;111;viajes,futbol,cine,libros
183;Sarajane;Carrigan;Female;Sweden;14/08/2000;1,53;50;pintura,viajes,cine
184;Sabra;Ancliffe;Female;Peru;16/02/1990;2,02;117;viajes,peliculas,peliculas
185;Brandi;Posvner;Female;Germany;02/03/1991;1,98;92;padel,padel,futbol
186;Arley;Josilevich;Male;Japan;12/09/2000;1,96;67;running,viajes,running,musica
187;Laurence;Lemasney;Bigender;Palestinian Territory;29/08/2000;2,04;115;videojuegos,running,running,musica
188;Gerek;Zelley;Male;Pakistan;26/01/1995;1,9;64;padel,libros,squash
189;Aimee;Churchman;Female;Sweden;10/03/1999;1,78;113;libros,yoga,running,pintura
190;Maximilian;Baglin;Male;Palestinian Territory;14/11/1997;1,83;75;futbol,viajes,futbol
191;Drew;Cordelle;Male;Philippines;13/04/2002;1,72;84;videojuegos,cine,teatro
192;Moss;Doret;Male;Colombia;23/04/1998;1,61;92;squash,padel,padel,peliculas
193;Kassi;Sowter;Female;China;23/02/2000;1,98;103;peliculas,viajes,musica,viajes
194;Bryanty;Spowart;Male;Japan;31/03/1997;1,83;105;futbol,yoga,teatro,peliculas
195;Jessey;Hesey;Male;China;16/05/1996;1,66;95;padel,teatro,cine,pintura
196;Theodora;Brierton;Female;Portugal;01/07/1998;1,92;108;teatro,running,libros,libros
197;Brandy;Challicombe;Male;Pakistan;30/09/1991;1,7;89;padel,yoga,padel,pintura
198;Malena;Sturdgess;Female;Jordan;04/12/1993;1,53;72;squash,viajes,running,pintura
199;Cammie;Yeend;Female;Brazil;04/12/1999;1,64;52;peliculas,cine,peliculas,pintura
200;Evey;Ingold;Female;Philippines;09/12/1997;1,71;101;videojuegos,squash,yoga,futbol
201;Aube;Mannock;Male;Poland;14/10/1992;1,88;87;squash,peliculas,viajes,futbol
202;Mark;Roches;Male;Estonia;10/03/2001;1,54;70;yoga,squash,pintura,futbol
203;Mel;Lepper;Female;Argentina;09/09/1996;1,81;89;futbol,pintura,pintura,cine
204;Angelique;De Cruze;Bigender;Russia;03/05/1989;1,9;95;viajes,yoga,squash,running
205;Dulcine;Bartley;Female;Philippines;13/08/1993;1,56;102;futbol,teatro,videojuegos,libros
206;Barbe;Carcass;Female;Philippines;05/08/1988;1,52;89;pintura,teatro,yoga,cine
207;Caleb;Capnor;Male;Vietnam;14/05/1996;1,85;64;teatro,peliculas,videojuegos,cine
208;Karlik;Patsall;Male;China;19/02/1990;1,67;75;musica,pintura,libros,videojuegos
209;Lucie;Perell;Female;Philippines;13/08/2000;1,75;67;yoga,yoga,pintura,libros
210;Hayden;Ping;Genderqueer;Nigeria;27/11/1998;1,83;103;cine,pintura,yoga,squash
211;Aldo;Goodinson;Male;Portugal;30/03/1991;1,97;55;running,padel,musica
212;Suellen;M'Barron;Female;China;07/05/1996;1,8;101;teatro,videojuegos,squash
213;Sidonia;Baskerville;Female;South Africa;03/05/2000;1,53;56;peliculas,cine,libros,libros
214;Mickey;Dee;Male;Philippines;23/04/1996;1,8;95;squash,futbol,libros,videojuegos
215;Helyn;Ashington;Female;China;25/08/1997;1,56;117;squash,teatro,teatro,peliculas
216;Livvyy;Gurney;Female;Ghana;16/12/1990;1,83;89;yoga,libros,cine,squash
217;Hobie;Abramovici;Male;Ecuador;27/01/1998;1,81;100;cine,teatro,running,peliculas
218;Ambrosi;Tuffin;Male;United States;30/08/1989;1,7;97;squash,pintura,teatro
219;Rabbi;Jeeves;Male;Colombia;19/01/1997;1,83;82;padel,cine,teatro,videojuegos
220;Xylia;Larraway;Female;Croatia;06/10/1991;1,57;90;libros,musica,teatro,padel
221;Orrin;Hulke;Male;Netherlands;08/10/1996;1,95;114;teatro,cine,cine,teatro
222;Carla;Deneve;Female;Bosnia and Herzegovina;01/08/1990;1,76;87;viajes,futbol
223;Thorny;Pidwell;Male;Brazil;19/06/1988;1,86;92;squash,futbol,videojuegos,videojuegos
224;Nicky;Philpots;Male;Mexico;12/11/1998;1,77;87;yoga,videojuegos,musica
225;Clovis;Ashmore;Non-binary;Brazil;01/03/1989;1,6;71;padel,padel,peliculas
226;Konstance;Aleevy;Female;Thailand;11/10/1991;1,91;73;futbol,squash,pintura,peliculas
227;Wash;Heijne;Male;Portugal;09/01/2000;1,96;102;yoga,yoga,teatro,viajes
228;Abdel;Ring;Male;Russia;04/03/2001;1,7;97;yoga,futbol,cine,musica
229;Rooney;Dahlborg;Male;Canada;04/07/1990;1,99;66;futbol,yoga,videojuegos,padel
230;Britt;Yitzhak;Male;Indonesia;09/07/1997;1,96;89;cine,videojuegos,futbol,futbol
231;Gibb;Mandrier;Genderqueer;Peru;12/03/1999;1,86;115;squash,squash,peliculas,pintura
232;Franklin;Huggins;Male;Gabon;13/09/2000;1,92;60;libros,videojuegos,teatro
233;Philippe;Dufoure;Female;Afghanistan;21/07/1989;1,61;81;running,futbol,videojuegos
234;Aggy;Ibbs;Female;Indonesia;15/11/1987;1,8;69;cine,peliculas,musica,viajes
235;Sutton;Henrot;Male;United Kingdom;23/03/1990;1,65;88;squash,libros,peliculas,cine
236;Leif;Lighton;Male;Poland;23/04/2001;1,94;69;futbol,libros,cine
237;Carline;McCreery;Genderqueer;China;14/01/1999;1,69;96;squash,musica,libros,musica
238;Devlin;Crowest;Male;Niger;08/05/1993;1,72;66;yoga,musica,futbol,libros
239;Cristobal;Bellhouse;Male;Germany;05/10/1991;1,78;118;squash,videojuegos,cine,musica
240;Sergei;Rubinovitsch;Male;Colombia;21/06/1990;1,64;62;viajes,running,running
241;Boigie;Rodolf;Male;Russia;17/12/1997;1,95;98;squash,libros,peliculas,yoga
242;Gar;Maddy;Male;Chile;18/10/1993;1,61;50;videojuegos,yoga,teatro
243;Dougy;Punchard;Male;Philippines;13/10/1992;1,9;103;teatro,videojuegos,squash
244;Elyssa;Denington;Female;Denmark;05/03/1992;1,65;116;peliculas,running,videojuegos
245;Jayson;MacGiffin;Male;Portugal;15/08/1993;1,86;95;teatro,cine,cine,pintura
246;Packston;Rousell;Bigender;Peru;01/11/1991;1,54;99;yoga,viajes,pintura,teatro
247;Jordanna;Filipson;Female;China;16/07/1989;2;62;padel,viajes,viajes,padel
248;Aguste;Flott;Male;France;23/01/1999;1,51;87;padel,videojuegos,futbol,videojuegos
249;Gherardo;Chandler;Non-binary;Afghanistan;29/08/1989;1,63;81;futbol,yoga,cine,running
250;Galina;Brunner;Female;Taiwan;26/06/2002;1,84;59;peliculas,teatro,peliculas,squash
251;Antonietta;Denison;Female;Honduras;16/04/1992;1,74;85;padel,running,cine,teatro
252;Darryl;Biasini;Male;Colombia;19/08/1992;1,61;94;padel,musica,futbol,videojuegos
253;Frederica;Tynemouth;Female;Philippines;17/05/2000;2,02;62;teatro,squash,pintura,pintura
254;Theresa;Mendonca;Female;China;12/12/2000;1,8;116;running,yoga,videojuegos,cine
255;Hayden;Joicey;Male;Portugal;22/07/1995;1,66;67;teatro,cine,yoga,running
256;Serene;Stones;Female;Russia;09/09/1988;1,69;104;pintura,cine,viajes,yoga
257;Gabriell;Lorkings;Female;Norway;20/01/1989;1,58;59;pintura,libros,yoga,viajes
258;Katina;Treske;Female;Mexico;15/01/1990;1,64;59;padel,squash,videojuegos,viajes
259;Valentine;Pabelik;Male;Argentina;28/08/1994;1,52;113;musica,videojuegos,libros,padel
260;Feliza;Crewe;Female;Norway;14/10/1988;1,87;69;teatro,running,pintura
261;Jethro;Golthorpp;Male;Indonesia;31/01/1991;1,98;74;viajes,peliculas,futbol,libros
262;Emmott;Mc Cahey;Genderqueer;Thailand;03/06/1993;1,85;114;videojuegos,musica,musica,futbol
263;Gunter;Rubel;Male;China;17/08/1997;1,52;92;teatro,viajes,viajes,padel
264;Ivor;Skain;Male;Germany;14/05/1988;1,79;90;futbol,pintura,pintura,libros
265;Edgard;Elwin;Male;China;27/08/1991;1,86;68;pintura,pintura,viajes
266;Moishe;Terbeek;Male;Bolivia;19/03/2001;1,84;68;running,running,squash,teatro
267;Hamlen;Goadbie;Male;Poland;14/12/2000;1,6;71;cine,futbol,viajes,videojuegos
268;Mic;Bedells;Male;Russia;01/08/2002;1,71;61;squash,futbol,peliculas,teatro
269;Ileana;Jeffers;Female;Philippines;12/12/1997;1,71;97;futbol,futbol,libros,squash
270;Amalea;Pawlaczyk;Female;Afghanistan;02/11/2001;1,64;67;padel,futbol,squash,teatro
271;Daren;Robertz;Genderqueer;Portugal;18/05/2000;1,75;118;padel,padel,yoga,teatro
272;Diarmid;Pascow;Male;Philippines;07/04/1997;1,55;75;viajes,libros,teatro
273;Jedediah;Tompkiss;Male;China;27/04/2002;1,53;113;peliculas,libros,libros,padel
274;Sibyl;Cuell;Male;China;07/09/1993;1,92;109;videojuegos,musica,squash,musica
275;Udale;Risbie;Male;Indonesia;18/06/1992;1,95;78;musica,yoga,viajes,squash
276;Silvie;Purveys;Non-binary;Netherlands;03/06/1999;1,82;102;yoga,cine,libros,libros
277;Biron;Whatham;Male;Sweden;23/01/1995;1,59;66;teatro,teatro,padel,viajes
278;Frederic;Fivey;Male;Marshall Islands;31/03/1991;1,79;101;videojuegos,running,running
279;Gianni;Vergine;Genderfluid;New Zealand;23/09/1991;1,82;117;teatro,yoga,musica,running
280;Teriann;Comiskey;Female;Armenia;07/08/1990;1,51;96;padel,running,teatro,peliculas
281;Aleda;Coalbran;Female;Indonesia;08/04/1994;1,68;88;padel,musica,teatro,yoga
282;Lorine;Stocky;Female;Finland;15/09/2001;1,65;115;cine,yoga,squash,squash
283;Lexy;Batham;Female;Philippines;07/12/2000;1,92;77;libros,videojuegos,peliculas
284;Danyelle;Jillins;Female;China;03/03/1993;1,88;89;padel,teatro,yoga,peliculas
285;Lucille;Yitshak;Female;Azerbaijan;28/05/1997;1,5;79;padel,running,squash,viajes
286;Latia;Braikenridge;Non-binary;Russia;14/01/2001;2,01;60;musica,yoga,futbol,teatro
287;Tarra;Roony;Female;Morocco;19/06/1994;1,95;91;pintura,libros,padel,musica
288;Ardisj;Prugel;Genderfluid;Philippines;04/06/1989;1,89;52;teatro,teatro,futbol
289;Riannon;Diplock;Female;Thailand;30/12/1989;1,56;104;peliculas,peliculas,teatro,yoga
290;Corliss;Granleese;Female;Portugal;27/11/1987;1,65;60;peliculas,musica,cine,squash
291;Bel;Casson;Female;Indonesia;11/05/1997;1,56;113;teatro,musica,teatro,running
292;Wrennie;Rosoni;Female;China;27/04/1998;1,59;65;pintura,musica,pintura,yoga
293;Teressa;Quantrell;Female;China;31/05/1991;1,58;99;padel,squash,yoga,videojuegos
294;Wenonah;Brigdale;Female;Russia;30/06/2002;1,82;100;musica,futbol,viajes,libros
295;Fredia;Grigorkin;Female;Philippines;02/09/1997;1,91;120;cine,viajes,teatro,running
296;Dorry;Rieger;Female;Brazil;04/09/1995;1,82;119;futbol,padel,libros,pintura
297;Romonda;Wisker;Female;Russia;12/03/1995;1,74;70;libros,futbol,pintura,libros
298;Aubry;Kretchmer;Female;China;11/09/1988;1,81;79;cine,videojuegos,viajes,videojuegos
299;Emmie;Maddocks;Female;China;27/05/1998;1,76;62;videojuegos,futbol,futbol,musica
300;Brynne;Carless;Female;Vietnam;25/03/1989;1,68;66;running,videojuegos,videojuegos,musica
301;Armstrong;Neeves;Male;Brazil;26/12/1991;1,61;63;cine,teatro,yoga,viajes
302;Kev;Andreasson;Male;Indonesia;23/08/1993;1,94;59;cine,videojuegos,futbol,pintura
303;Candi;Sweeny;Female;France;20/09/1988;1,76;100;peliculas,yoga,viajes,cine
304;Hilde;Stoffers;Female;Georgia;08/04/1995;1,58;93;cine,teatro,libros,cine
305;Gus;Aizkovitch;Male;Nepal;10/04/1998;1,73;57;running,running,cine,cine
306;Kathe;Wozencraft;Female;Thailand;09/06/2002;1,86;74;padel,videojuegos,viajes,peliculas
307;Johna;Milmoe;Female;Ireland;23/09/1997;1,94;53;viajes,viajes,cine
308;Nina;Adao;Female;Mexico;17/04/1998;1,99;61;peliculas,pintura,padel,teatro
309;Lemuel;Pask;Male;Indonesia;03/11/1994;1,63;59;videojuegos,viajes,pintura,pintura
310;Fidole;Shimmans;Polygender;United States;18/04/2001;1,82;118;squash,running,pintura,cine
311;Wit;Plessing;Polygender;Indonesia;21/07/1999;1,75;84;futbol,viajes,running,futbol
312;Thurstan;Adelman;Male;China;10/05/1992;2,01;98;yoga,libros,padel,peliculas
313;Nissie;Shoorbrooke;Female;El Salvador;28/08/2001;1,91;88;teatro,peliculas,yoga,pintura
314;Leone;Burley;Female;Ireland;17/04/1994;1,52;58;futbol,pintura,musica,running
315;Stevana;Suff;Female;China;26/09/1992;1,72;84;peliculas,yoga,squash,squash
316;Deana;Foyle;Female;Argentina;15/09/2001;1,62;82;yoga,cine,padel,musica
317;Keith;Heminsley;Male;Philippines;30/10/2000;1,61;63;musica,futbol,videojuegos,libros
318;Agneta;Ewbanck;Female;Macedonia;11/04/1991;1,69;74;teatro,pintura,videojuegos,yoga
319;Vinson;Saunier;Male;Nicaragua;13/01/1995;1,64;88;pintura,cine,videojuegos,viajes
320;Odella;Bodleigh;Female;Russia;05/06/1993;1,81;100;teatro,videojuegos,padel,videojuegos
321;Arvy;Bernolet;Male;Finland;30/03/2000;1,59;64;squash,running,yoga,viajes
322;Beckie;Probbin;Agender;Paraguay;11/03/1993;1,85;76;musica,videojuegos,futbol,musica
323;Daune;Weaver;Female;Canada;02/06/1993;1,88;95;padel,teatro,running,libros
324;Lynnette;Capp;Female;Indonesia;24/03/1997;1,58;71;teatro,squash,teatro,viajes
325;Rockwell;Eslemont;Male;Argentina;17/09/1998;1,98;82;pintura,videojuegos,futbol,videojuegos
326;Emelita;Blindermann;Female;Indonesia;24/06/2000;1,68;61;yoga,videojuegos,teatro,padel
327;Melanie;Tuplin;Female;Pakistan;10/02/1998;1,83;91;videojuegos,cine,videojuegos,yoga
328;Brose;Gowan;Male;Brazil;17/03/1989;1,94;114;yoga,musica,cine,viajes
329;Jameson;Linley;Male;Brazil;30/11/1993;1,57;113;running,viajes,yoga,running
330;Donal;Purves;Genderqueer;Ireland;20/08/1995;1,92;59;peliculas,teatro,teatro,cine
331;Nadia;Shelford;Female;China;06/06/1996;1,92;92;videojuegos,viajes,futbol,squash
332;Angie;Beetham;Female;Peru;03/11/1998;1,86;55;videojuegos,viajes,futbol
333;Byrann;Lavallin;Male;Armenia;18/08/1988;1,84;82;peliculas,squash,videojuegos
334;Llywellyn;Lindley;Male;Malaysia;12/02/1999;1,91;62;cine,squash,squash,peliculas
335;Saree;Jovis;Female;Indonesia;23/09/1996;1,98;119;padel,videojuegos,videojuegos,musica
336;Antony;Boules;Male;China;21/08/1994;1,84;117;cine,libros,musica,viajes
337;Berk;Orrey;Male;Poland;15/04/1997;1,55;90;musica,cine,pintura,videojuegos
338;Verney;Willishire;Male;Indonesia;28/10/1998;1,73;68;musica,cine,futbol,teatro
339;Waylin;Gornall;Male;Ukraine;08/01/1996;1,89;73;cine,musica,futbol,peliculas
340;Lauryn;Vicar;Female;Slovenia;01/02/1996;1,5;59;videojuegos,futbol,yoga,yoga
341;Gorden;Abbotts;Male;Poland;03/02/2001;1,83;55;yoga,yoga,pintura,musica
342;Ammamaria;O'Carrol;Female;Afghanistan;25/05/1989;1,56;95;musica,teatro,videojuegos,cine
343;Nico;Charrington;Male;Syria;08/12/1997;1,7;118;squash,musica,peliculas,yoga
344;Murvyn;Barthelemy;Male;Sweden;12/05/2002;1,65;83;futbol,libros,musica,teatro
345;Grady;Hickenbottom;Male;China;09/02/2000;1,97;83;futbol,peliculas,videojuegos,teatro
346;Rori;Dumbare;Female;Morocco;08/03/1998;1,95;95;padel,musica,yoga,pintura
347;Christoffer;Skipperbottom;Male;Czech Republic;24/02/1989;1,52;91;teatro,running,libros,yoga
348;Livy;Scaplehorn;Female;Russia;27/07/1998;1,77;75;padel,squash,running,running
349;Tucky;Ayars;Male;Colombia;16/09/1989;1,56;61;futbol,viajes,teatro,peliculas
350;Sigismund;Dunnan;Male;Poland;21/07/2002;1,91;112;peliculas,padel,libros,padel
351;Gerianna;Walford;Genderqueer;Ukraine;03/04/1992;1,6;111;padel,videojuegos,libros,pintura
352;Ancell;McMurraya;Male;China;01/08/1989;1,74;115;viajes,yoga,padel,cine
353;Helge;Pfeiffer;Female;Slovenia;20/10/1996;1,98;65;squash,videojuegos,videojuegos,teatro
354;Kendall;Hayers;Male;Brazil;19/02/1994;1,56;57;musica,videojuegos,running
355;Sonnie;Bau;Female;Poland;30/03/1991;1,68;88;viajes,futbol,videojuegos,pintura
356;Pearle;Kulicke;Female;Albania;31/12/2000;1,81;75;squash,viajes,running,viajes
357;Florella;Jardein;Female;Vietnam;28/02/2002;1,87;57;yoga,squash,musica,cine
358;Lynnea;Piwall;Female;Brazil;08/10/1995;1,7;80;futbol,musica,futbol,libros
359;Denney;Kivlehan;Male;Canada;08/06/1989;1,91;53;libros,yoga,peliculas
360;Annabel;Piner;Genderqueer;Guatemala;16/05/1997;1,55;61;squash,viajes,padel,running
361;Haily;Rotham;Male;China;16/10/1994;1,89;54;cine,running,libros,pintura
362;Clary;Heyfield;Female;Poland;19/06/1991;1,67;89;futbol,libros,libros
363;Izabel;Jirka;Female;Czech Republic;16/10/2001;1,96;91;padel,squash,peliculas,futbol
364;Elisa;Hyde;Female;China;05/03/1995;1,69;68;squash,squash,padel,cine
365;Bret;Fraczak;Male;Brazil;28/02/1994;1,75;76;padel,squash,libros,yoga
366;Coral;Pigford;Female;Nigeria;18/10/1994;1,78;69;futbol,pintura,running,musica
367;Skipton;Marvell;Male;China;15/07/1993;1,99;77;squash,peliculas,pintura
368;Linus;Heatlie;Male;Palestinian Territory;23/11/1992;1,66;102;viajes,teatro,videojuegos
369;Hedy;Pietesch;Female;Brazil;19/08/2000;1,59;113;squash,libros,futbol,peliculas
370;Perceval;Gabbitas;Male;Philippines;28/10/2001;1,66;53;yoga,teatro,squash,cine
371;Gaile;Brugden;Male;China;13/01/2001;1,75;86;yoga,teatro,futbol,padel
372;Sylvester;Cavozzi;Male;Peru;31/08/1988;2,02;102;pintura,viajes,padel,yoga
373;Ardine;Marzella;Female;Russia;06/12/1988;1,61;62;peliculas,libros,squash,teatro
374;Natividad;Easter;Female;France;22/07/1998;1,65;55;videojuegos,peliculas,teatro
375;Blondell;MacDermot;Female;Philippines;17/06/1991;1,52;109;peliculas,teatro,running
376;Desmond;Catterall;Male;Indonesia;05/05/1990;1,52;111;musica,teatro,cine,running
377;Julienne;Pryer;Bigender;Russia;20/08/1996;1,72;82;musica,running,futbol,teatro
378;Karol;Dalgleish;Female;France;13/11/1989;1,66;93;running,musica,peliculas,padel
379;Leticia;Blaisdale;Female;Sweden;24/07/1992;1,55;66;running,yoga,running,futbol
380;Lonnard;McCarle;Male;France;19/01/1993;1,63;81;yoga,padel,musica
381;Juditha;Digance;Female;Micronesia;02/11/1996;1,59;104;running,videojuegos,pintura,running
382;Cyndie;Rikard;Female;Brazil;22/11/1991;1,98;55;cine,videojuegos,pintura,musica
383;Ariadne;Rutley;Female;Luxembourg;30/01/1990;1,84;78;running,videojuegos,futbol
384;Aldric;Burdfield;Male;Czech Republic;15/08/2000;1,9;105;running,musica,libros,yoga
385;Hailey;Boullen;Male;Indonesia;22/02/1990;1,62;57;yoga,futbol,pintura,cine
386;Marchall;Lau;Genderfluid;China;12/06/1996;1,74;58;padel,yoga,libros,futbol
387;Lexy;Thirwell;Genderqueer;Philippines;03/10/1994;1,94;88;teatro,futbol,running,running
388;Pauly;Vallance;Male;China;03/08/1991;1,6;85;teatro,videojuegos,viajes,videojuegos
389;Zorine;Lorriman;Female;Portugal;27/06/2000;1,81;54;libros,viajes,musica
390;Drusie;Attenbarrow;Genderfluid;Philippines;24/11/1994;1,79;82;viajes,peliculas,padel,padel
391;Thorny;Collidge;Male;Tanzania;28/10/1993;1,8;61;squash,pintura,peliculas,padel
392;Rriocard;Dundendale;Male;Poland;30/01/1990;1,76;71;libros,yoga,running,cine
393;Hortense;Oughtright;Female;United States;24/05/1991;1,59;98;squash,cine,musica,videojuegos
394;Ezechiel;Calleja;Male;China;15/11/1997;1,82;94;pintura,musica,pintura,cine
395;Riobard;Longhorne;Male;China;25/12/1989;1,68;84;squash,pintura,peliculas,viajes
396;Erek;Littrik;Male;China;19/08/1992;1,57;91;musica,yoga,futbol
397;Talia;Fifield;Female;France;24/02/1989;1,6;81;musica,padel,squash,musica
398;Carlo;Legrave;Male;France;11/01/1993;1,85;96;videojuegos,padel,libros,videojuegos
399;Hector;Gopsill;Male;Yemen;15/02/1992;1,65;104;teatro,musica,running,yoga
400;Hodge;Hampshire;Male;China;07/08/1999;1,72;75;padel,peliculas,cine,padel
401;Malvin;Yerill;Male;Sweden;22/12/1997;1,75;87;teatro,videojuegos,padel,libros
402;Dinny;Danniel;Female;Russia;13/10/2000;1,74;100;peliculas,peliculas,running,musica
403;Harli;Divill;Female;Greece;25/05/2001;1,9;98;musica,musica,cine,peliculas
404;Patsy;Dalton;Male;China;12/09/1995;1,68;50;padel,cine,musica
405;Gordy;Airth;Male;China;05/12/1990;1,71;83;yoga,libros,viajes,cine
406;Michel;Dalby;Female;Indonesia;03/04/2001;1,91;76;viajes,videojuegos,yoga,videojuegos
407;Dwight;Allport;Male;China;19/06/1992;1,82;68;peliculas,padel,peliculas
408;Chloris;Tidbald;Female;Indonesia;20/09/1998;1,86;84;squash,musica,libros
409;Virgina;Stefanovic;Female;Belarus;10/11/1997;1,78;99;viajes,viajes,futbol,cine
410;Alexine;Godfery;Female;Guatemala;18/04/2001;1,96;93;pintura,libros,padel,squash
411;Patty;Charette;Female;South Korea;02/04/1994;1,94;54;yoga,teatro,yoga,running
412;Gherardo;Reddan;Male;China;22/05/1992;1,95;107;futbol,padel,viajes,pintura
413;Urbano;Bigglestone;Male;United States;27/06/1991;1,98;77;libros,padel,libros,musica
414;Alyssa;Prugel;Female;Sweden;22/02/1994;1,66;117;viajes,musica,libros
415;Rona;Hullins;Female;Russia;17/08/1990;1,75;53;futbol,viajes,peliculas,musica
416;Dionis;Clelland;Female;China;10/10/1994;1,87;103;teatro,viajes,cine,videojuegos
417;Ryann;Robel;Genderqueer;Indonesia;23/12/1997;1,94;85;running,padel,pintura,futbol
418;Barry;Kidgell;Male;Portugal;28/07/1999;1,74;112;libros,libros,pintura,running
419;Corie;Melladew;Female;Uzbekistan;28/02/2001;1,79;77;teatro,running,musica,padel
420;Geraldine;Jurgensen;Female;China;09/09/1996;1,78;99;padel,libros,yoga,pintura
421;Daniela;Tomsett;Female;China;01/12/1997;1,65;113;squash,cine,musica,teatro
422;Brian;Plevey;Male;Colombia;09/11/1996;1,78;108;videojuegos,videojuegos,squash,running
423;Benyamin;Willshear;Male;Indonesia;28/09/1994;1,53;91;running,futbol,pintura,futbol
424;Leela;de Mendoza;Female;Vietnam;14/06/2000;1,51;55;squash,viajes,libros
425;Galina;Baumert;Female;United States;06/11/1994;1,7;75;libros,videojuegos,viajes
426;Brittne;Gouldbourn;Female;China;05/11/1993;1,81;73;pintura,peliculas,peliculas,padel
427;Austen;Paule;Male;Sweden;12/10/1993;1,79;74;videojuegos,futbol,teatro,musica
428;Faustina;Plet;Female;Sweden;02/06/1990;1,61;106;peliculas,viajes,cine,yoga
429;Cherice;Sherrott;Female;Colombia;01/04/1993;1,91;65;yoga,videojuegos,running,yoga
430;Michaeline;Titterell;Female;Bosnia and Herzegovina;06/06/2001;1,9;103;padel,videojuegos,padel,yoga
431;Quentin;Petchell;Male;France;16/04/2001;1,97;83;viajes,squash,squash,squash
432;Stanwood;Norcutt;Male;Central African Republic;13/04/2002;1,75;97;musica,musica,libros,viajes
433;Ripley;Pavese;Male;Germany;16/04/1997;2,01;104;libros,pintura,pintura,futbol
434;Laverna;Van Arsdall;Female;Russia;10/08/1990;1,9;105;viajes,musica,viajes
435;Livvy;Massow;Genderqueer;Kazakhstan;28/12/1989;1,52;86;futbol,musica,libros,videojuegos
436;Leigha;Shillaber;Female;France;25/02/1996;1,54;110;libros,yoga,running
437;Bronny;Wilbor;Male;Sierra Leone;22/05/1998;1,66;74;cine,teatro,videojuegos,libros
438;Kipper;Capron;Genderfluid;Argentina;14/06/1998;1,68;64;teatro,running,futbol,yoga
439;Alexio;Tregien;Male;China;23/06/1993;1,61;70;futbol,running,videojuegos,videojuegos
440;Sharai;Loines;Female;Pakistan;15/01/1993;1,55;77;viajes,teatro,teatro,pintura
441;Guglielmo;Rohlfs;Male;Russia;16/04/1997;1,61;79;padel,pintura,musica
442;Sadye;Pirnie;Genderfluid;Russia;11/03/1999;1,88;102;padel,viajes,videojuegos,musica
443;Tate;Parken;Female;Poland;20/09/1994;1,64;72;musica,videojuegos,squash,peliculas
444;Stacee;Plevey;Male;Brazil;16/02/1995;1,86;81;cine,libros,pintura,padel
445;Marleah;Corr;Female;Brazil;01/11/1997;1,64;79;futbol,padel,musica
446;Kristy;Luna;Bigender;Philippines;04/12/1998;1,93;112;cine,videojuegos,running,musica
447;Donny;Worsfold;Male;Ukraine;01/02/1991;1,82;95;viajes,musica,teatro,squash
448;Bernarr;Armes;Male;Czech Republic;30/09/1999;1,78;71;viajes,squash,squash,cine
449;Delcine;Clitherow;Female;China;16/11/1993;1,75;71;padel,padel,pintura,teatro
450;Falkner;Gouldthorp;Bigender;Russia;21/10/1992;1,6;107;futbol,libros,padel,peliculas
451;Norman;Eacle;Male;Croatia;17/08/2002;1,57;100;futbol,cine,squash
452;Christopher;Stirley;Male;Colombia;08/10/1998;1,97;52;cine,pintura,peliculas,videojuegos
453;Denny;Rennels;Male;Brazil;08/06/2002;1,89;71;yoga,yoga,running,futbol
454;Gibb;Taffie;Male;China;19/09/2000;1,65;82;cine,musica,videojuegos,pintura
455;Diannne;Posselt;Female;Russia;22/10/1989;1,77;72;peliculas,musica,cine,musica
456;Leif;Cleatherow;Male;Burundi;18/07/1988;1,95;107;padel,cine,pintura,viajes
457;Olympia;Giamitti;Genderfluid;China;11/12/1990;1,54;74;padel,musica,peliculas,peliculas
458;Twila;De Leek;Female;Kenya;26/06/1990;1,57;106;yoga,viajes,musica
459;Ardelia;Gockelen;Female;Tanzania;15/09/1989;1,68;115;libros,peliculas,cine,pintura
460;Bryn;Breakspear;Non-binary;Philippines;31/10/1987;1,95;73;teatro,teatro,viajes,padel
461;Sheeree;Garret;Female;China;24/05/2002;1,57;106;videojuegos,squash,musica,teatro
462;Irita;Gut;Female;United States;14/04/1997;1,93;109;videojuegos,peliculas,viajes,cine
463;Nevile;Doles;Male;Philippines;16/11/1997;2,01;55;viajes,teatro,padel,futbol
464;Tull;Sermin;Male;France;06/05/1993;1,95;90;futbol,running,pintura,padel
465;Ailbert;Abramovicz;Male;Egypt;17/02/1995;1,7;73;squash,teatro,musica,pintura
466;Cammy;Behne;Male;Portugal;03/12/1987;1,89;76;videojuegos,peliculas,running,pintura
467;Maddalena;Ouldcott;Female;Bosnia and Herzegovina;02/05/1988;1,85;82;futbol,futbol,padel,squash
468;Simeon;Bretland;Male;Philippines;02/04/1989;1,54;113;cine,peliculas,videojuegos,padel
469;Harriette;Maxwale;Female;France;01/12/1992;1,74;108;padel,peliculas,musica
470;Myrah;Vasyaev;Female;China;29/01/1990;1,79;84;futbol,libros,squash,teatro
471;Zeke;MacAnellye;Male;Brazil;20/05/2002;1,99;118;peliculas,futbol,viajes,teatro
472;Eloisa;Martland;Female;Russia;14/01/1990;1,84;93;cine,libros,padel,futbol
473;Kim;Bawdon;Female;France;14/05/2002;1,56;108;musica,viajes,squash,videojuegos
474;Jule;Dallosso;Male;Poland;14/06/1998;1,76;89;videojuegos,squash,running,teatro
475;Stephine;Sarre;Female;China;20/01/1994;1,65;76;squash,yoga,libros
476;Diannne;Brodeur;Female;Portugal;05/07/1998;1,94;106;cine,libros,cine,peliculas
477;Valida;Twidale;Female;Portugal;26/11/1998;1,74;97;viajes,running,futbol,running
478;Isac;Taberer;Male;Portugal;13/06/2000;2,03;53;teatro,yoga,musica
479;Marchelle;Lithgow;Female;Czech Republic;16/01/1991;1,66;50;squash,yoga,libros,running
480;Maddie;Chomicz;Male;Japan;06/10/1997;1,82;110;viajes,videojuegos,teatro,musica
481;Arnuad;Yurin;Male;Honduras;22/06/2001;1,8;103;viajes,videojuegos,pintura,futbol
482;Erv;Roeby;Male;Indonesia;12/03/1988;1,56;63;cine,pintura,musica,peliculas
483;Tedie;Spracklin;Male;China;02/07/1991;1,84;104;videojuegos,videojuegos,peliculas,padel
484;Winni;Downer;Female;Germany;22/01/1999;1,58;50;videojuegos,peliculas,padel,peliculas
485;Sebastiano;Grose;Male;China;24/03/1997;1,67;110;teatro,padel,videojuegos,running
486;Merle;Goodright;Male;Argentina;09/04/1998;2,03;102;teatro,viajes,teatro,peliculas
487;Dennie;Pinkie;Male;Georgia;31/08/1999;1,97;84;yoga,peliculas,libros,libros
488;Brnaba;Okenden;Male;United States;07/05/2001;1,68;83;padel,musica,yoga,futbol
489;Celestine;Tailby;Female;Morocco;31/12/1988;1,66;100;futbol,videojuegos,musica,peliculas
490;Joby;Dreamer;Female;Indonesia;04/01/1988;1,57;70;viajes,squash,futbol,musica
491;Lewie;Trinke;Male;Portugal;27/04/1991;2;107;teatro,viajes,viajes,peliculas
492;Cris;Lethlay;Female;Colombia;15/09/1989;1,56;118;musica,libros,squash,libros
493;Giustino;Kynge;Male;China;25/02/1997;1,65;51;futbol,running,futbol,libros
494;Cherie;Antoniat;Female;Sweden;26/11/1998;1,88;54;musica,videojuegos,cine,squash
495;Danie;Beade;Male;Cuba;08/03/1996;1,95;76;musica,yoga,peliculas,pintura
496;Ronald;Fuzzey;Male;Indonesia;01/06/1993;1,62;87;musica,libros,viajes,futbol
497;Joshuah;Scarrisbrick;Male;Bangladesh;01/04/1999;1,93;61;libros,padel,peliculas,musica
498;Alwin;Cosford;Male;Philippines;18/08/1997;1,8;71;viajes,viajes,futbol
499;Bert;Tovey;Female;China;14/06/2002;1,77;52;running,pintura,cine,pintura
500;Saraann;Dey;Female;Indonesia;15/05/1991;1,85;75;teatro,running,libros,running
501;Sharleen;Learned;Female;El Salvador;04/10/1991;1,62;112;running,cine,squash,libros
502;Barnard;McGray;Male;Brazil;13/02/1988;1,92;112;padel,pintura,futbol
503;Rebekkah;Whenman;Female;Guatemala;22/04/2001;1,8;93;libros,peliculas,running,libros
504;Emiline;Losbie;Female;Niger;26/12/1996;1,89;61;squash,libros,peliculas,yoga
505;Kaycee;Milazzo;Female;Tunisia;04/08/1993;1,8;63;viajes,libros,peliculas,futbol
506;Kat;Fury;Female;Sweden;02/09/1990;1,61;61;teatro,padel,peliculas
507;Mala;Jolly;Female;China;26/10/1988;1,91;99;musica,viajes,cine,libros
508;Dickie;Simpkin;Male;Russia;02/12/1997;1,54;117;yoga,peliculas,running,videojuegos
509;Elene;Carillo;Female;China;28/06/2000;1,75;86;squash,squash,running,teatro
510;Lewes;Tolefree;Male;Sweden;09/01/1988;1,72;61;musica,videojuegos,squash,libros
511;Zolly;Cool;Male;Indonesia;08/05/1989;1,69;90;padel,futbol,libros,libros
512;Germana;Pitrollo;Female;China;25/01/2000;1,53;98;cine,peliculas,videojuegos,padel
513;Packston;Loges;Male;Portugal;04/12/1997;1,69;81;viajes,teatro,running,teatro
514;Jeana;Ferrar;Female;Peru;06/10/2000;1,77;118;teatro,videojuegos,libros,viajes
515;Onofredo;Hencke;Male;Sweden;03/03/2000;1,78;74;viajes,musica,libros,peliculas
516;Cleavland;Burroughes;Male;Indonesia;18/10/1989;1,69;56;padel,libros,squash,videojuegos
517;Petey;Thomelin;Male;China;09/01/2000;1,63;64;cine,videojuegos,futbol,yoga
518;Gisele;De Witt;Female;Belarus;02/01/1992;2;107;running,futbol,teatro
519;Grier;Sennett;Female;China;08/06/1988;1,99;110;viajes,peliculas,pintura,padel
520;Lottie;Trent;Female;Russia;07/10/1987;1,72;113;padel,teatro,libros,viajes
521;Hillery;Featherstonhaugh;Male;China;11/10/2001;1,54;86;videojuegos,pintura,teatro,libros
522;Stu;Thrussell;Male;France;27/03/1988;1,57;114;videojuegos,videojuegos,musica,musica
523;Tove;Hart;Bigender;Ukraine;11/04/1993;1,83;113;pintura,squash,futbol,futbol
524;Cornall;Fullerd;Male;United Kingdom;01/05/1999;1,73;81;teatro,futbol,futbol,running
525;Eldon;Bilby;Genderqueer;Philippines;07/05/1992;1,78;106;musica,libros,futbol,padel
526;Noni;Dikels;Female;United States;19/09/1988;1,55;70;futbol,viajes,musica,viajes
527;Rora;Ilsley;Female;Slovenia;18/08/1991;1,55;86;libros,viajes,futbol,futbol
528;Tallulah;Hackwell;Female;Mexico;15/04/1999;1,6;55;viajes,libros,videojuegos,musica
529;Tory;Castellucci;Female;Czech Republic;12/12/1995;1,85;105;libros,futbol,padel,viajes
530;Vincenty;Aldwich;Male;China;04/03/1994;2,04;90;yoga,squash,squash,teatro
531;Alexandra;Kirkbride;Agender;South Africa;07/02/1998;2,01;69;peliculas,cine,yoga,peliculas
532;Kermit;Wenderott;Male;Canada;28/07/1992;1,73;115;yoga,yoga,libros,yoga
533;Michaeline;Kilgannon;Female;Brazil;16/01/1990;1,82;76;pintura,running,musica,futbol
534;Simonette;Elt;Female;Indonesia;16/07/2001;1,99;70;squash,pintura,running,libros
535;Wren;Boothby;Female;Portugal;05/05/2000;1,52;112;teatro,padel,padel,yoga
536;Jillana;Ettels;Female;Russia;02/03/2000;1,61;55;running,viajes,squash,musica
537;Roma;Reade;Male;China;03/12/1994;1,98;99;squash,pintura,cine,peliculas
538;Deb;Vivian;Female;Portugal;03/02/1989;1,86;110;running,squash,yoga,squash
539;Art;Petrello;Male;China;24/03/2000;1,65;87;musica,squash,futbol,teatro
540;Dominique;Smalman;Female;Brazil;28/06/2001;1,83;109;teatro,teatro,pintura,viajes
541;Bryna;Pittle;Female;Canada;06/10/1989;1,97;90;videojuegos,teatro,pintura,running
542;Carlin;Mundie;Female;Indonesia;17/01/1988;1,91;117;cine,teatro,libros,pintura
543;Frederick;Bracknell;Male;China;08/02/1991;1,71;56;padel,squash,padel,teatro
544;Alberik;Couves;Male;Poland;10/05/2001;2,03;73;peliculas,futbol,libros,running
545;Prissie;Althrope;Female;Greece;19/07/1988;1,61;62;padel,libros,peliculas
546;Filmer;Doldon;Male;China;03/08/2000;1,83;106;teatro,futbol,peliculas,viajes
547;Valdemar;Kitchen;Male;Portugal;05/11/2000;1,67;58;running,squash,peliculas,yoga
548;Ede;McKibbin;Female;Philippines;17/08/1991;1,83;99;running,peliculas,videojuegos,pintura
549;Ulysses;McCloy;Genderqueer;Philippines;08/05/1991;1,98;86;libros,videojuegos,teatro,peliculas
550;Demetri;Farrimond;Male;Mexico;15/05/1991;1,66;81;pintura,running,videojuegos,musica
551;Audrye;Florentine;Female;China;06/10/1990;1,93;78;running,peliculas,cine,viajes
552;Gottfried;Chasemore;Male;China;11/09/2001;1,86;93;squash,musica,yoga,padel
553;Anne;Barkus;Female;Germany;14/12/1999;1,52;94;futbol,padel,running
554;Maurene;Lally;Female;Colombia;07/04/1995;1,83;60;libros,viajes,peliculas,futbol
555;Frederique;D'Angeli;Female;China;28/01/2000;1,69;86;libros,libros,cine,cine
556;Valina;Breche;Female;Canada;28/07/1997;1,98;108;viajes,teatro,running
557;Tomaso;Firmage;Male;Uganda;13/03/1995;1,99;106;padel,musica,running,squash
558;Arturo;Snare;Male;Kazakhstan;06/06/1989;1,69;75;teatro,pintura,running,squash
559;Melisande;Pendrey;Female;Cuba;08/07/1995;1,84;72;peliculas,videojuegos,futbol,viajes
560;Stephen;Stancer;Male;Kosovo;10/12/1993;1,68;79;squash,cine,peliculas,musica
561;Nealy;Carvell;Male;Philippines;03/04/1991;1,9;75;videojuegos,yoga,running,teatro
562;Nydia;Bottleson;Female;Philippines;24/03/1988;1,64;53;teatro,viajes,cine,squash
563;Donni;Suttill;Bigender;China;16/03/1992;1,81;73;peliculas,libros,viajes,pintura
564;Rutter;Gerler;Male;Poland;19/07/2000;1,93;97;cine,peliculas,yoga
565;Ximenez;McVeigh;Male;United States;04/10/1994;1,52;88;futbol,viajes,padel,yoga
566;Vasili;McKane;Male;Luxembourg;24/07/2000;1,52;69;teatro,musica,running,pintura
567;Isabel;Lammenga;Female;Germany;01/04/1997;1,83;85;pintura,peliculas,yoga,yoga
568;Lacee;Dowding;Female;Russia;30/06/1990;1,55;89;libros,squash,squash,cine
569;Connor;Slegg;Male;Sweden;06/05/1988;1,91;86;yoga,teatro,running,peliculas
570;Reta;Samsin;Female;Croatia;05/11/1998;1,8;63;futbol,cine
571;Lara;Peron;Female;Lithuania;28/07/2002;1,88;89;running,viajes,yoga,yoga
572;Nowell;Hartland;Male;Philippines;05/03/2000;1,63;94;videojuegos,libros,musica,pintura
573;Jerry;Baitson;Male;United States;01/12/1992;1,76;105;cine,padel,videojuegos,pintura
574;Fancy;Mapes;Female;Russia;25/08/1990;1,63;110;yoga,pintura,viajes,yoga
575;Martica;Maruszewski;Female;China;23/07/2001;2;75;musica,padel,running,musica
576;Margarethe;Tender;Female;Indonesia;24/01/1992;1,57;64;teatro,squash,padel,running
577;Haskel;Critchard;Male;Indonesia;21/02/2001;1,74;55;teatro,running,teatro
578;Mariann;Gudde;Female;Cyprus;11/08/1990;1,58;113;viajes,squash,teatro,running
579;Winnifred;Hargreaves;Female;Afghanistan;02/06/1995;1,58;66;libros,teatro,viajes,futbol
580;Wendie;Burgill;Non-binary;Myanmar;17/02/1995;1,66;70;pintura,teatro,running,libros
581;Margaret;Trembey;Genderqueer;France;06/07/1996;1,63;107;viajes,peliculas,viajes,cine
582;Cesar;Fernandez;Male;China;27/08/1991;1,65;79;cine,teatro,musica,running
583;Peirce;Dyerson;Male;Ecuador;28/03/1995;1,68;56;viajes,cine,squash,teatro
584;Huntley;Eberst;Male;China;05/08/1990;1,62;84;peliculas,futbol,futbol,pintura
585;Waneta;Belliveau;Female;Iran;21/04/1994;1,69;92;libros,pintura,running,yoga
586;Con;McKerlie;Female;Indonesia;09/01/1989;1,92;114;running,running,yoga,peliculas
587;Vito;Deaville;Male;Tajikistan;10/11/1989;1,99;120;futbol,cine,padel,viajes
588;Sidonia;Liebrecht;Female;France;29/01/1991;1,61;69;yoga,videojuegos,yoga
589;Maddy;Bulgen;Female;Finland;10/01/2000;1,69;112;squash,cine,pintura,futbol
590;Pippo;Ambrodi;Male;Portugal;06/12/1991;1,93;80;musica,running,padel,videojuegos
591;Tanny;Jordin;Male;France;26/03/2001;1,57;81;videojuegos,cine,pintura,running
592;Carly;Relton;Male;Indonesia;31/03/1996;1,65;106;libros,pintura,peliculas
593;Blake;Sidney;Male;Brazil;18/11/1995;1,7;77;padel,futbol,musica,yoga
594;Sauncho;Caseley;Male;Sweden;28/05/1996;1,71;51;futbol,futbol
595;Annette;Lowe;Female;Brazil;13/08/1991;1,75;77;viajes,pintura
596;Laurella;Sommerfeld;Female;South Africa;13/04/1996;1,96;102;videojuegos,running,futbol,pintura
597;Sheeree;Langhorn;Agender;Indonesia;31/01/1994;1,92;117;squash,viajes,libros,musica
598;Lemmie;Fendt;Male;France;13/11/1994;1,57;86;libros,teatro,squash,padel
599;Adeline;Bredee;Female;Indonesia;21/06/1993;1,88;59;pintura,peliculas,viajes,pintura
600;Ingeberg;Eastup;Female;Indonesia;01/11/1993;1,87;113;peliculas,videojuegos,yoga,viajes
601;Mill;Ruf;Male;China;22/03/2000;1,56;77;yoga,yoga,yoga
602;Joel;Kiss;Bigender;Belarus;03/12/1998;1,81;75;musica,cine,libros,peliculas
603;Chicky;Liston;Female;Greece;18/12/1994;1,61;68;padel,teatro,libros,yoga
604;Raddie;Itzik;Male;France;09/01/1996;1,88;77;libros,videojuegos,running
605;Bryant;McKniely;Male;Brazil;27/12/1998;1,55;103;libros,futbol,videojuegos,cine
606;Corny;Ecclestone;Female;China;15/10/1991;1,59;111;padel,running,peliculas,peliculas
607;Dew;Gloves;Male;Luxembourg;03/07/1997;2;59;musica,yoga,squash,teatro
608;Marnia;Edgeworth;Female;China;05/02/1998;1,61;100;videojuegos,viajes,peliculas,videojuegos
609;Ogdon;Veighey;Male;Indonesia;11/12/1995;1,87;103;teatro,peliculas,musica,cine
610;Worthington;Brightey;Male;Slovenia;08/12/1988;1,67;74;cine,cine,peliculas,pintura
611;Joice;Whitehouse;Female;China;17/02/1999;1,82;55;yoga,running,libros,viajes
612;Laurence;Filtness;Male;Kuwait;02/06/1998;1,78;85;libros,cine,libros,viajes
613;Trace;Velde;Male;United States;27/06/1991;2;109;libros,viajes,running,viajes
614;Christiano;McPhater;Male;Peru;28/11/1999;1,96;64;peliculas,teatro,cine,yoga
615;Udall;Sancias;Male;Indonesia;27/05/2000;1,98;64;futbol,pintura,videojuegos
616;Sapphire;Mityushkin;Female;Tanzania;18/05/2000;1,95;118;libros,pintura,futbol
617;Maxi;Beaford;Female;China;14/03/2002;1,67;62;yoga,yoga,padel,videojuegos
618;Robb;Pawlicki;Male;Greece;02/04/1988;1,77;71;padel,viajes,running,cine
619;Garek;Eburah;Male;Sweden;19/03/1988;1,6;82;viajes,viajes
620;Bronson;Terrell;Male;Venezuela;03/10/1999;1,94;97;teatro,padel,viajes,yoga
621;Rebe;Edmand;Female;Brazil;01/02/1991;1,59;94;videojuegos,musica,squash,teatro
622;Orelle;Randle;Female;Philippines;18/01/1994;1,99;101;squash,viajes,running,futbol
623;Sileas;Adger;Female;Malaysia;02/03/1988;1,99;57;peliculas,libros,libros,squash
624;Merill;Fransman;Male;China;04/10/1991;1,69;99;running,yoga,cine,teatro
625;Ortensia;Le Teve;Female;Serbia;14/01/2001;1,68;80;cine,squash,videojuegos,videojuegos
626;Mandel;Grutchfield;Male;France;20/12/1989;1,57;54;videojuegos,yoga,futbol,libros
627;Angela;Schooling;Female;Philippines;03/06/1992;1,67;103;futbol,libros,squash,squash
628;Wilmette;Grzesiewicz;Female;Spain;26/02/1990;1,82;84;yoga,viajes,videojuegos,running
629;Abbie;Hatrey;Male;Czech Republic;17/10/1994;1,84;89;libros,peliculas,teatro,padel
630;Babbie;Fulbrook;Female;Brazil;18/06/1992;1,65;101;peliculas,padel,yoga
631;Pepe;Castelow;Male;Azerbaijan;11/04/1989;1,6;51;cine,padel,musica
632;Dominic;Filipchikov;Non-binary;China;27/12/1990;2,03;97;yoga,padel,teatro,padel
633;Adah;Nother;Polygender;Pakistan;07/02/1989;1,63;70;videojuegos,libros,peliculas,squash
634;Louie;Ritchley;Male;France;12/11/1995;1,64;80;videojuegos,yoga,teatro,running
635;Roxanne;Wallworke;Female;France;16/06/1994;1,83;109;squash,cine,peliculas
636;Chancey;Frenzl;Male;Russia;18/07/1994;1,96;118;viajes,teatro,yoga,running
637;Heda;Norrey;Female;United States;30/04/2001;1,88;98;cine,cine,teatro
638;Base;Whitsey;Male;Sri Lanka;15/09/1993;1,53;113;cine,padel,futbol,cine
639;Christoffer;Kiff;Male;Colombia;03/04/1991;1,99;95;viajes,cine,padel
640;Starla;Sandy;Female;Japan;26/10/1996;1,62;102;viajes,videojuegos,cine,padel
641;Tonia;Iowarch;Female;United States;07/03/1991;1,57;68;yoga,viajes,futbol,yoga
642;Egon;Casperri;Male;Indonesia;13/08/1995;1,71;54;futbol,libros,cine
643;Ryon;Gilfillan;Male;Japan;05/01/1991;1,63;98;teatro,peliculas,futbol,padel
644;Lurleen;Cornwall;Female;Portugal;05/03/1991;1,74;88;viajes,musica,running,peliculas
645;Martin;Jarvie;Male;China;07/07/1988;1,68;90;padel,cine,viajes,yoga
646;Ambrosius;Ygou;Male;Norway;25/04/1998;1,71;117;cine,running,padel,futbol
647;Sloan;Plaid;Male;South Korea;28/02/1995;1,81;53;pintura,squash,peliculas,cine
648;Paquito;Yurenev;Male;China;15/12/1989;1,59;118;running,libros,futbol,squash
649;Caron;Drife;Female;Afghanistan;20/11/1991;1,95;97;viajes,cine,pintura,squash
650;Mina;Bodechon;Genderfluid;Indonesia;18/05/1995;1,85;70;videojuegos,running,cine
651;Glen;Pauleau;Female;China;15/04/1999;1,69;62;peliculas,squash,yoga
652;Fair;Saxton;Male;China;04/02/2000;1,67;114;peliculas,futbol,padel,libros
653;Giovanni;Kinmond;Male;Indonesia;06/07/1993;1,71;91;squash,peliculas,yoga,libros
654;Cherlyn;Barsham;Female;Poland;10/09/2000;1,88;96;padel,running,pintura,futbol
655;Bing;Shubotham;Male;Canada;07/12/1988;1,95;108;teatro,libros,viajes,futbol
656;Brant;Kermeen;Bigender;Russia;22/10/1987;1,55;81;cine,musica,yoga,musica
657;Nell;Spender;Female;China;26/06/1991;1,87;83;peliculas,viajes,yoga
658;Burnard;Ishaki;Male;China;22/11/1992;1,65;53;libros,yoga,viajes,squash
659;Matias;McMenamy;Male;Czech Republic;31/08/1991;1,61;51;videojuegos,running,squash,futbol
660;Terrill;Fawcus;Male;Uganda;16/10/1995;1,64;71;running,yoga,padel,squash
661;Christal;Bozworth;Female;Indonesia;16/07/1988;1,55;113;squash,teatro,cine,padel
662;Kitti;Jeandin;Non-binary;Sweden;08/07/2002;1,99;59;videojuegos,running,teatro,pintura
663;Caesar;Morcomb;Male;China;21/09/1994;1,79;92;futbol,viajes,yoga,yoga
664;Otes;Izkovicz;Male;Russia;14/11/1989;1,58;57;futbol,futbol,peliculas,musica
665;Gary;Bartalucci;Male;Togo;08/07/1992;1,61;51;yoga,musica,yoga,libros
666;Ruthi;Jadczak;Female;China;08/07/1998;1,76;70;libros,viajes,squash,running
667;Lennie;Heymann;Male;China;07/08/1991;1,62;105;peliculas,videojuegos,libros,videojuegos
668;Belva;Ingerfield;Female;Brazil;19/11/1989;1,88;110;padel,libros,videojuegos
669;Renato;Savill;Male;Ukraine;22/07/1988;1,58;92;squash,squash,padel,viajes
670;Prue;Aizikovich;Female;China;08/05/1991;1,69;65;videojuegos,libros,videojuegos
671;Rayna;Minocchi;Bigender;Philippines;21/06/1992;1,84;99;futbol,libros,padel,peliculas
672;Tierney;Blunden;Female;Indonesia;30/04/1998;1,77;71;running,yoga,videojuegos,pintura
673;Trenton;Eliet;Male;Brazil;09/08/1991;1,61;81;squash,running,padel,peliculas
674;Val;Crowcroft;Male;Bulgaria;10/01/1988;1,53;94;viajes,peliculas,cine
675;Alikee;Riquet;Female;Poland;07/07/1992;1,61;51;futbol,peliculas,cine,futbol
676;Sherry;Ruberti;Female;China;20/02/1988;1,69;120;libros,videojuegos,running
677;Der;Clavey;Bigender;Japan;04/06/1995;1,7;82;libros,videojuegos,squash,peliculas
678;Nichole;Shyres;Male;United States;30/08/2001;1,77;58;pintura,libros,pintura,musica
679;Lucien;Feria;Male;Indonesia;22/02/1999;1,79;58;padel,futbol,musica,futbol
680;Domeniga;Burnitt;Female;Morocco;20/06/1998;1,97;119;padel,musica,teatro,libros
681;Charmion;Markwick;Female;Guatemala;21/03/2002;1,92;68;teatro,running,futbol,pintura
682;Jack;Dowears;Male;Philippines;23/11/1990;1,78;119;squash,squash,videojuegos,peliculas
683;Iggie;Titta;Male;Japan;21/11/2001;1,53;64;cine,peliculas,musica,viajes
684;Dewain;Agge;Male;Honduras;22/09/1999;2,02;100;peliculas,videojuegos,libros,peliculas
685;Wald;Isakovic;Male;United States;20/08/1993;1,81;71;padel,teatro,yoga,running
686;Monti;Bramhill;Genderqueer;United States;19/04/2001;1,79;57;teatro,padel,padel,viajes
687;Chandler;Jerrems;Male;Syria;22/04/1996;1,97;88;padel,musica,peliculas,peliculas
688;Miltie;Hand;Male;Nigeria;16/05/1992;1,68;102;running,running,running,viajes
689;Wilma;Kuhne;Female;Indonesia;23/09/1994;1,58;51;peliculas,videojuegos,musica,libros
690;Audrie;Sinclaire;Female;Malaysia;30/03/1994;1,98;111;yoga,viajes,squash,running
691;Karlis;Kalker;Male;Thailand;16/04/1992;1,77;98;teatro,libros,cine
692;Trey;Franken;Non-binary;China;15/12/1993;1,57;62;futbol,musica,yoga
693;Krystalle;Ruddlesden;Female;Russia;18/02/1999;1,6;87;yoga,musica,running,teatro
694;Shaun;Gascar;Female;France;16/09/1989;1,7;114;viajes,musica,peliculas,libros
695;Joete;Tipling;Non-binary;Mexico;18/10/2001;1,89;93;yoga,pintura,viajes,futbol
696;Jobye;Vail;Female;Iran;19/05/1999;1,71;97;padel,viajes,squash,yoga
697;Bambie;Stocker;Female;Denmark;12/01/2001;1,96;66;yoga,pintura,musica,viajes
698;Katherina;Varran;Female;China;29/09/1993;1,81;83;teatro,viajes,yoga,libros
699;Marylin;Nurden;Female;Georgia;20/03/1994;1,79;100;yoga,libros,teatro,futbol
700;Blythe;Pigeram;Female;Indonesia;27/05/1996;1,58;100;libros,viajes,running
701;Ruddie;Nelissen;Male;Indonesia;11/09/1997;1,55;74;musica,squash,running,padel
702;Robbie;Poynton;Female;Uganda;18/08/1988;1,96;105;libros,padel,pintura,viajes
703;Gunar;Tolossi;Male;Indonesia;06/05/1988;1,97;58;cine,futbol,viajes
704;Tallia;Silwood;Female;China;11/02/1992;1,67;105;pintura,futbol,pintura,padel
705;Nadine;Geleman;Female;Philippines;07/08/2000;2,02;82;viajes,cine,running
706;Donalt;Caillou;Male;China;24/05/2001;1,84;93;viajes,viajes,yoga,pintura
707;Carlynn;Semple;Female;Poland;21/07/1998;1,64;72;futbol,peliculas,futbol,yoga
708;Swen;Gullane;Male;Iraq;19/05/1988;1,99;112;videojuegos,musica,peliculas,pintura
709;Heriberto;Hazelden;Male;Russia;28/07/2002;1,95;80;futbol,yoga,viajes,yoga
710;Nathalia;Balston;Female;China;03/05/2000;1,99;104;squash,musica,running,futbol
711;Katya;Dumberell;Female;Philippines;15/05/1997;1,67;59;musica,videojuegos,pintura,viajes
712;Talia;Brock;Female;Morocco;08/07/1997;1,82;106;libros,videojuegos,musica,viajes
713;Reginald;Sivess;Male;Russia;23/02/1989;1,78;69;viajes,viajes,viajes
714;Carlyle;Halling;Male;South Africa;07/12/1990;1,72;76;padel,viajes,viajes,padel
715;Mattheus;Mix;Polygender;Nigeria;06/10/1987;1,71;68;peliculas,cine,cine,musica
716;Ariel;Tartt;Genderfluid;Russia;14/08/1991;1,6;98;videojuegos,running,running,yoga
717;Nolie;Eggar;Female;China;27/10/1999;1,65;109;pintura,futbol,running,musica
718;Obed;Glazzard;Agender;Malaysia;10/01/1999;1,99;72;squash,squash,peliculas,padel
719;Tine;Woolens;Female;China;23/01/1993;1,91;54;squash,padel,pintura,teatro
720;Joseito;Slowey;Male;Burkina Faso;17/06/1999;1,54;70;yoga,viajes,squash,pintura
721;Amabelle;Daybell;Female;Slovenia;11/10/1996;1,8;70;padel,teatro,viajes,peliculas
722;Maritsa;Priestland;Female;Indonesia;01/12/1987;1,67;109;cine,yoga,padel,running
723;Dan;Tassell;Male;Sierra Leone;18/08/2001;1,96;93;futbol,libros,futbol,pintura
724;Correy;Maric;Male;France;16/09/1999;1,92;87;videojuegos,teatro,musica
725;Manolo;Matthessen;Male;Canada;01/09/2001;1,95;87;videojuegos,pintura,cine
726;Oralia;Molloy;Female;Dominican Republic;08/09/2002;1,54;103;videojuegos,peliculas,viajes
727;Elvin;Downage;Non-binary;Tanzania;21/12/1993;2,04;76;peliculas,musica,videojuegos
728;Fulton;Hanhard;Male;Philippines;04/06/1988;2;119;pintura,viajes,running,musica
729;Florrie;Ginner;Female;Afghanistan;25/07/1994;2;54;squash,running,yoga,running
730;Herrick;Raylton;Male;Colombia;18/10/1997;1,99;97;peliculas,peliculas,yoga,yoga
731;Billy;Salliere;Female;Poland;13/09/2001;1,95;63;padel,squash,libros,peliculas
732;Talya;Pavese;Female;Kenya;21/06/1997;1,66;103;viajes,teatro,musica,yoga
733;Maximo;Stelli;Male;Colombia;09/11/1995;1,66;114;libros,musica,running,teatro
734;Keen;Davidwitz;Male;Germany;22/02/1992;1,85;53;running,pintura,libros,futbol
735;Willie;Wyld;Female;Syria;15/03/1995;1,82;108;videojuegos,yoga,viajes
736;Shadow;Ducket;Male;Iran;03/07/1991;1,96;61;videojuegos,libros,libros
737;Leighton;Landrean;Male;Taiwan;28/07/1991;1,87;95;peliculas,futbol,libros,futbol
738;Doreen;Wesson;Female;France;26/11/1988;1,97;120;running,futbol,viajes
739;Derwin;Spencley;Male;Indonesia;13/10/1993;2,01;59;teatro,videojuegos,musica,videojuegos
740;Clint;Elnaugh;Genderqueer;China;30/12/1989;1,94;74;yoga,libros,pintura,viajes
741;Cozmo;Mercer;Male;Indonesia;14/03/1988;1,58;107;peliculas,pintura,musica,padel
742;Clio;Sedworth;Female;China;21/12/1998;1,68;85;teatro,musica,pintura,running
743;Abey;Coverdill;Male;Indonesia;11/03/1996;1,78;53;musica,videojuegos,videojuegos,futbol
744;Jeri;Rasch;Female;Sweden;25/02/2001;1,72;70;pintura,viajes,viajes,viajes
745;Hillel;Tuckwood;Male;Serbia;09/07/2002;1,52;57;videojuegos,yoga,musica,viajes
746;Curran;Faughey;Male;China;24/04/1998;1,59;89;cine,libros,teatro,yoga
747;Jervis;Hort;Male;Philippines;02/06/1993;1,77;99;pintura,viajes,squash
748;Culley;Pentercost;Male;Portugal;24/08/1999;1,82;100;viajes,videojuegos,running,futbol
749;Gustav;Frankiss;Male;Mexico;18/09/1992;1,54;113;peliculas,libros,teatro,peliculas
750;Leena;Thorndycraft;Female;China;28/11/1991;1,99;71;teatro,viajes,pintura,running
751;Frasier;Winwood;Male;United States;26/08/1996;1,86;62;running,teatro,squash,musica
752;Lilias;Hughes;Female;Russia;17/03/1991;1,59;50;pintura,teatro,padel,padel
753;Kailey;Tovey;Female;France;31/01/1992;1,9;113;viajes,yoga,yoga,squash
754;Rosette;Sprasen;Female;Laos;27/10/1987;1,84;55;yoga,padel,futbol,cine
755;Jaynell;Noell;Female;China;24/04/1999;1,86;79;peliculas,peliculas,libros,peliculas
756;Reggi;Grishechkin;Female;Dominican Republic;11/05/2002;1,85;60;running,libros,videojuegos,musica
757;Carr;Innes;Male;Philippines;16/12/1994;1,72;75;yoga,musica,pintura,running
758;Chelsey;Merredy;Female;Peru;16/09/1999;1,98;53;peliculas,cine,padel,futbol
759;Pierre;Nevett;Male;Poland;03/12/1997;1,55;100;videojuegos,squash,viajes,padel
760;Gratiana;Whitehead;Female;Indonesia;09/04/1990;1,7;69;pintura,pintura,libros,cine
761;Andres;Levins;Male;China;19/11/1999;1,59;107;padel,yoga,padel,pintura
762;Henry;Ingold;Genderfluid;Brazil;03/11/1992;1,51;95;pintura,padel,peliculas,running
763;Herve;Pudan;Male;Philippines;28/01/1996;1,59;91;pintura,musica,musica,peliculas
764;Cullen;Gildersleeve;Male;France;23/06/1998;1,74;107;musica,libros,cine,pintura
765;Vitia;Gregs;Female;Germany;18/07/1988;1,64;111;musica,videojuegos,pintura
766;Devlin;Minton;Male;Peru;18/06/1994;1,59;53;viajes,musica,pintura,cine
767;Ingaborg;Bakster;Polygender;Tanzania;09/10/1998;2,02;112;viajes,peliculas,peliculas,libros
768;Aveline;Koomar;Female;Indonesia;29/07/2001;1,67;70;teatro,videojuegos,peliculas,pintura
769;Eliza;Jennins;Agender;Portugal;23/07/2000;1,7;88;cine,videojuegos,teatro,viajes
770;Madonna;Lacknor;Female;Thailand;05/09/2002;1,69;81;musica,libros,cine,futbol
771;Emeline;Stait;Female;China;06/04/1995;1,51;93;viajes,libros,videojuegos,musica
772;Laurel;Thackray;Female;Portugal;23/06/1998;1,96;112;pintura,viajes,running,teatro
773;Libby;Poyser;Female;United States;23/03/1998;1,86;84;futbol,cine,running,running
774;Jose;Blair;Male;Philippines;06/11/1987;1,51;64;pintura,squash,videojuegos,cine
775;Merv;Pibworth;Male;Colombia;12/12/1991;1,74;100;squash,yoga,teatro,running
776;Florella;Anniwell;Female;Philippines;01/06/1992;1,57;75;musica,padel,cine,pintura
777;Celisse;Griswaite;Female;China;13/02/1993;1,67;85;videojuegos,running,squash,cine
778;Bev;Leyshon;Female;Indonesia;09/06/1996;1,94;79;yoga,squash,teatro,teatro
779;Alix;Olenikov;Female;Cape Verde;25/09/1991;1,95;96;libros,teatro,running,yoga
780;Niko;Gobeaux;Genderfluid;Egypt;20/08/2001;1,6;76;squash,viajes,viajes,musica
781;Ina;Goodhay;Female;Colombia;22/04/1989;1,52;56;viajes,musica,futbol,padel
782;Timmi;Hornung;Female;Cameroon;01/07/1996;2;60;teatro,libros,squash,musica
783;Myrah;Sells;Female;China;20/07/1992;1,84;98;padel,peliculas,pintura,squash
784;Jody;Brien;Female;Indonesia;15/01/1993;1,58;57;videojuegos,viajes,videojuegos,teatro
785;Sebastiano;Cotilard;Male;Indonesia;21/03/1998;1,74;65;teatro,yoga,teatro,yoga
786;Cassey;Elgy;Female;Brazil;09/07/1999;1,88;95;squash,pintura,peliculas,yoga
787;Lisbeth;Meneux;Female;Nicaragua;03/03/1991;1,57;120;pintura,futbol,teatro,libros
788;Augie;Loffhead;Male;Palestinian Territory;03/12/1994;1,73;68;padel,videojuegos,pintura
789;Arlinda;Birrane;Female;Nigeria;30/03/1996;1,74;78;yoga,futbol,peliculas,libros
790;Jordanna;Olensby;Female;Poland;29/08/1990;1,75;94;peliculas,yoga,futbol,pintura
791;Keven;Vickers;Male;Myanmar;21/06/1998;1,77;114;padel,running,viajes,libros
792;Nady;Josifovic;Female;United States;06/02/1989;1,65;51;padel,futbol,libros,cine
793;Ceil;Penhallurick;Female;China;19/02/1994;1,66;111;running,pintura,futbol,peliculas
794;Jonathon;Henlon;Male;Portugal;31/12/1995;1,65;88;running,squash,peliculas
795;Erek;Mills;Male;Kenya;10/02/1995;1,51;65;libros,pintura,padel,pintura
796;Ricard;Sotheron;Male;Honduras;23/07/1996;1,57;85;peliculas,cine,viajes,yoga
797;Marijn;Grahlmans;Polygender;Indonesia;03/06/1993;1,9;89;teatro,videojuegos,futbol,teatro
798;Adelheid;Clery;Female;Russia;27/10/1995;2;116;futbol,running,running,squash
799;Edeline;Gindghill;Female;China;23/07/1989;1,99;60;futbol,squash,squash,libros
800;Stefano;Sawell;Polygender;China;15/10/1987;1,84;50;running,teatro,futbol,yoga
801;Koralle;Lenz;Female;France;14/08/1988;1,63;87;viajes,viajes,videojuegos,pintura
802;Monte;Mottershead;Genderqueer;Nigeria;13/03/1999;1,95;116;peliculas,squash,videojuegos,viajes
803;Margy;Micheli;Female;Russia;13/06/1995;1,63;114;peliculas,squash,cine,teatro
804;Ron;Sifflett;Male;Greece;28/04/1990;1,98;63;padel,videojuegos,padel,libros
805;Giles;O' Hanvey;Male;Philippines;11/08/1996;1,71;107;futbol,squash,teatro,futbol
806;Tonie;Hourahan;Polygender;China;04/02/1997;1,86;112;musica,pintura,futbol,viajes
807;Sheffie;Sheen;Male;China;25/09/1998;1,63;79;musica,videojuegos,teatro,squash
808;Alphonso;Studdert;Male;Sweden;29/07/1989;1,95;99;peliculas,viajes,pintura,futbol
809;Jillana;Hrishchenko;Female;Macedonia;23/07/1992;1,83;105;peliculas,running,futbol
810;Delphinia;Overpool;Female;Haiti;24/06/1988;1,93;111;musica,running,padel,viajes
811;Sue;Badsworth;Female;Pakistan;16/04/1992;1,81;77;squash,squash,cine,libros
812;Cheslie;McPike;Female;Japan;20/08/1995;1,86;91;pintura,peliculas,futbol,viajes
813;Craggie;Reville;Male;China;08/06/2000;1,51;51;squash,teatro
814;Georgena;Siddle;Non-binary;China;02/05/1998;1,83;100;yoga,cine,viajes,cine
815;Cirillo;Rosenfield;Male;Finland;20/07/1994;1,63;114;cine,running,pintura
816;Ker;Tillot;Male;Russia;13/08/1988;1,91;113;squash,libros,musica,yoga
817;Sinclair;Bleas;Male;China;28/06/2000;1,72;112;viajes,running,squash,running
818;Juliane;Dunderdale;Agender;Mexico;27/08/1996;1,79;54;padel,padel,running,videojuegos
819;Val;Vreiberg;Female;Japan;19/01/2000;1,89;120;teatro,teatro,viajes,running
820;Ingar;Dysart;Male;Russia;18/06/1993;1,53;70;futbol,libros,musica,videojuegos
821;Newton;Royston;Male;China;26/05/1990;1,79;92;yoga,futbol,yoga
822;Anastasie;Dunstan;Female;Cameroon;14/03/2002;1,96;74;futbol,musica,squash,videojuegos
823;Doug;Merill;Male;Brazil;03/06/2002;1,67;72;pintura,yoga,padel
824;Lenore;Gonneau;Female;China;03/12/1989;1,73;76;padel,musica,cine,padel
825;Earle;Shemmans;Male;Comoros;05/09/2000;1,56;72;pintura,peliculas,running,teatro
826;Cynthy;Carlino;Female;China;18/07/1991;1,72;120;running,libros,teatro,yoga
827;Maxi;Fretson;Female;Belarus;21/02/1988;1,88;78;musica,futbol,running,running
828;Roz;Dwyer;Non-binary;Japan;26/02/2002;1,63;82;yoga,teatro,pintura,padel
829;Marilyn;Rahlof;Non-binary;Philippines;29/09/1993;1,75;57;running,viajes,padel,yoga
830;Onfre;Sedgefield;Male;Norway;23/07/1996;1,58;70;padel,viajes,libros,viajes
831;Trevar;Kinsella;Male;El Salvador;09/05/1995;1,57;95;padel,squash,viajes,pintura
832;Clement;Harteley;Male;China;19/03/1989;1,87;57;running,pintura,cine,peliculas
833;Waite;Lytle;Male;China;16/04/2001;1,5;51;running,yoga,musica,teatro
834;Dede;Pierce;Female;China;09/02/1995;1,78;63;futbol,squash,teatro,running
835;Ozzy;Leckenby;Male;Japan;17/12/1995;1,66;99;viajes,libros,running,running
836;Allen;Camel;Male;Finland;14/03/1995;1,62;58;padel,cine,musica,running
837;Bevan;Krzysztofiak;Male;Pakistan;30/05/1993;1,89;83;viajes,musica,padel,cine
838;Ula;McGilvray;Female;Indonesia;21/12/2000;1,62;117;squash,yoga,squash,running
839;Koral;Vankov;Bigender;Japan;06/06/1997;1,78;109;peliculas,yoga,yoga,peliculas
840;Bevan;Sinden;Male;Brazil;23/04/1996;1,71;64;cine,teatro,musica
841;Shauna;Ody;Female;Russia;01/08/1993;1,91;51;running,yoga,yoga,viajes
842;Edgardo;Hogbin;Male;Azerbaijan;05/06/2002;2,02;120;padel,futbol,yoga,teatro
843;Cullin;Allett;Male;China;12/07/1999;1,61;52;libros,squash,running,videojuegos
844;Clarita;Brogden;Female;Indonesia;15/07/1990;1,77;50;libros,teatro,yoga,musica
845;Henderson;Toping;Male;China;04/12/1987;1,9;57;yoga,viajes,teatro
846;Pattie;Scopyn;Female;Philippines;31/05/1990;1,91;74;running,peliculas,padel,videojuegos
847;Malia;Cherryman;Female;Eritrea;12/08/1992;1,95;106;libros,cine,padel,viajes
848;Cesya;Bushel;Female;China;09/06/1997;1,55;104;futbol,pintura,yoga,squash
849;Erin;Duffan;Male;Ukraine;03/01/1990;1,62;76;viajes,pintura,running,viajes
850;Abigale;Chellenham;Female;Mexico;17/06/1998;1,8;58;padel,running,futbol,pintura
851;Doyle;Royste;Male;Japan;04/05/1994;1,62;57;yoga,teatro,videojuegos,yoga
852;Tynan;Dripps;Male;China;26/10/1997;1,55;106;yoga,running,pintura,peliculas
853;Moise;Klainman;Male;Ukraine;16/08/1997;1,76;70;futbol,yoga,cine,viajes
854;Parsifal;Goodlake;Male;China;26/09/1988;1,73;109;futbol,peliculas,pintura,yoga
855;Creigh;Tremmil;Male;China;23/05/1988;1,92;69;peliculas,running,videojuegos,padel
856;Veda;Houldey;Female;Greece;12/07/2001;1,94;80;padel,cine,squash,yoga
857;Coretta;Itzhak;Female;China;27/09/1993;1,88;99;libros,viajes,videojuegos
858;Melodie;Brouncker;Female;Honduras;11/01/1997;1,67;111;squash,teatro,squash,musica
859;Murray;Dugald;Genderqueer;Philippines;19/10/2000;1,95;65;futbol,peliculas,futbol,squash
860;Lurline;Sussans;Female;Serbia;08/09/2002;1,67;115;running,peliculas,peliculas,pintura
861;Aldus;Franchyonok;Male;Ecuador;22/04/1994;1,86;68;teatro,running,pintura,videojuegos
862;Thebault;Totterdell;Male;Indonesia;05/12/1996;1,91;74;cine,yoga,running,libros
863;Celestine;Bockler;Female;Central African Republic;09/01/1999;1,74;56;padel,videojuegos,pintura,cine
864;Hatty;Davisson;Bigender;Ukraine;13/03/1994;1,85;119;squash,musica,musica,cine
865;Frederigo;Loughlan;Male;Poland;18/08/1996;1,6;105;squash,musica,peliculas,peliculas
866;Fransisco;Duran;Male;Vietnam;10/07/1991;1,62;116;cine,videojuegos,videojuegos,yoga
867;Karolina;Passmore;Female;Spain;15/11/1988;1,72;72;teatro,yoga,musica,libros
868;Crystal;Ajam;Female;Poland;22/11/1992;1,91;69;running,viajes,padel,viajes
869;Sianna;Baumert;Female;Indonesia;07/05/1994;1,63;60;pintura,pintura,cine,teatro
870;Krystle;Primmer;Female;Afghanistan;14/12/1999;1,95;70;pintura,peliculas,yoga,viajes
871;Yuri;Muffin;Male;Indonesia;18/03/1994;1,62;79;futbol,cine,futbol,teatro
872;Fanny;Tunkin;Female;Indonesia;28/05/2002;1,9;53;running,teatro,pintura,futbol
873;Jaye;Marr;Male;United States;03/11/2001;1,97;117;squash,yoga,libros,running
874;Glory;Bilbie;Female;Indonesia;27/06/2002;1,85;117;videojuegos,squash,teatro,cine
875;Jo-anne;Cousens;Female;Czech Republic;20/04/1996;1,61;94;libros,squash,videojuegos,musica
876;Bevin;Foucar;Male;Sweden;08/10/1990;1,68;87;libros,peliculas,viajes,videojuegos
877;Megan;Cracie;Female;Ireland;09/09/1998;1,77;81;squash,teatro,padel,teatro
878;Gerald;Bedburrow;Genderqueer;Albania;29/02/1996;1,86;63;viajes,cine,cine,cine
879;Yettie;Pauncefort;Female;Portugal;13/09/1990;1,91;68;futbol,peliculas,peliculas,cine
880;Mayor;Duquesnay;Agender;Yemen;14/09/1999;1,85;80;futbol,squash,futbol,videojuegos
881;Rhonda;Tembridge;Female;United States;12/03/2001;2,03;96;peliculas,yoga,futbol,running
882;Fonz;Mattock;Male;Ukraine;03/12/1991;1,92;59;peliculas,squash,peliculas,futbol
883;Uriel;Kearns;Male;Nigeria;06/02/1990;1,72;91;padel,padel,musica
884;Samantha;Olensby;Female;Indonesia;17/08/1996;1,89;50;pintura,futbol,teatro
885;Moyna;Sydney;Female;Philippines;10/09/1998;1,72;110;videojuegos,libros,padel
886;Lorrayne;Regis;Female;Poland;13/10/1989;1,98;58;libros,futbol,teatro,libros
887;Herculie;Boutflour;Male;Indonesia;02/11/1993;1,55;63;running,running,libros,libros
888;Louella;Rains;Female;Czech Republic;08/09/1993;1,94;115;teatro,musica,yoga,viajes
889;Tiebold;Breckell;Male;South Korea;29/01/1991;1,81;72;yoga,videojuegos,videojuegos,videojuegos
890;Yvon;Poznan;Male;Turkmenistan;23/08/2001;1,69;68;padel,teatro,musica,running
891;Odelia;Maffucci;Genderqueer;China;21/08/1998;1,65;95;libros,viajes,pintura,libros
892;Corri;Rosone;Female;Ukraine;28/06/1999;1,84;109;viajes,cine,musica,pintura
893;Jenda;Siebert;Female;Armenia;19/01/1997;1,82;119;videojuegos,viajes,futbol
894;Arie;Logue;Bigender;Bulgaria;15/01/2002;1,8;117;teatro,pintura,videojuegos,viajes
895;Dilly;Blizard;Male;Sweden;30/01/1993;1,96;100;libros,videojuegos,viajes,running
896;Patrick;McMenemy;Male;China;08/01/1989;1,57;63;yoga,squash,videojuegos,teatro
897;Shalne;Sherington;Female;Brazil;18/04/1991;1,75;53;musica,yoga,running,futbol
898;Oralia;Belin;Female;Syria;10/10/1992;1,78;63;pintura,musica,libros,squash
899;Deane;Royds;Male;Latvia;22/07/2002;1,82;109;viajes,yoga,viajes,viajes
900;Frazer;Hathaway;Male;China;29/08/1997;1,99;112;peliculas,musica,yoga
901;Bjorn;Sutliff;Non-binary;Philippines;27/10/1999;1,77;68;squash,yoga,pintura,squash
902;Janna;Gebb;Female;Indonesia;13/05/1991;1,89;66;peliculas,teatro,pintura,videojuegos
903;Ruy;Gosneye;Male;Italy;11/05/2001;1,97;90;libros,cine,pintura,yoga
904;Reynold;Glenn;Male;Serbia;28/09/1994;1,72;50;yoga,futbol,viajes,futbol
905;Vivyan;Petts;Female;China;27/02/1991;1,56;82;libros,running,pintura,libros
906;Christopher;Agar;Male;Russia;05/01/1988;1,89;118;videojuegos,viajes,musica,peliculas
907;Angeline;Muggleton;Female;Malaysia;09/04/1993;2,01;61;musica,squash,cine
908;Maureene;Boyat;Bigender;Latvia;16/06/1997;1,98;63;yoga,teatro,padel,yoga
909;Ali;Resdale;Male;Myanmar;31/03/1988;1,66;100;padel,yoga,libros,running
910;Perice;Kitchen;Male;Russia;26/08/1995;1,78;75;musica,videojuegos,running,teatro
911;Elmira;McIndrew;Female;Kazakhstan;06/06/1992;1,77;110;padel,futbol,videojuegos,videojuegos
912;Magdalena;Semeniuk;Non-binary;Indonesia;02/02/1989;1,88;113;futbol,videojuegos,padel,musica
913;Thalia;Igounet;Female;Brazil;25/04/1999;1,98;54;libros,viajes,libros,futbol
914;Ulrick;Liddyard;Male;Indonesia;25/06/1999;1,55;69;futbol,musica,padel,libros
915;Adelaida;Kneller;Female;Bulgaria;18/08/2000;2,04;95;musica,teatro,cine,running
916;Jackie;Yarwood;Female;Russia;28/12/1997;1,81;79;running,running,pintura,musica
917;Ezechiel;Longstaff;Male;Peru;28/02/1996;1,99;114;peliculas,cine,squash,libros
918;Datha;Trehearn;Female;Netherlands;28/11/1994;1,69;61;padel,running,yoga,musica
919;Ettore;Levis;Male;China;28/01/1992;1,86;78;running,teatro,squash
920;Tybie;Ferencz;Female;Israel;29/03/1990;1,87;90;pintura,running,pintura,cine
921;Hurlee;Engall;Male;Indonesia;02/08/1993;1,59;107;peliculas,running,padel,libros
922;Leopold;Focke;Male;Colombia;12/11/1988;1,74;52;squash,running,peliculas,videojuegos
923;Efren;Thay;Male;Iran;15/01/1999;1,58;60;yoga,futbol,peliculas,pintura
924;Forrester;Tombling;Male;Portugal;19/12/1992;1,55;65;pintura,musica,cine
925;Bari;Spirit;Female;Indonesia;18/01/2001;1,7;99;yoga,yoga,running,viajes
926;Angelico;Mourant;Male;Comoros;17/10/1994;1,77;74;libros,musica,pintura,yoga
927;Pepita;Fotitt;Female;Indonesia;26/11/1991;1,97;84;videojuegos,futbol,peliculas,pintura
928;Kendrick;Andretti;Male;Indonesia;14/03/1997;1,68;73;teatro,squash,squash,peliculas
929;Conn;Horsewood;Male;Poland;04/12/1993;1,6;114;yoga,pintura,teatro,squash
930;Phillida;Butten;Female;Macedonia;22/08/2000;1,87;63;peliculas,viajes,padel,teatro
931;Germaine;Standidge;Female;China;17/01/1989;1,58;112;padel,musica,yoga,pintura
932;Aundrea;Dominichetti;Female;Serbia;19/11/1988;1,65;108;running,peliculas,peliculas,cine
933;Blanca;De Bruyn;Female;Philippines;29/09/1993;1,7;103;padel,pintura,viajes,videojuegos
934;Hanson;Climance;Male;China;03/08/2001;1,7;56;viajes,teatro,futbol,running
935;Carlos;Pitsall;Male;Russia;13/08/1996;1,92;80;viajes,squash,viajes,viajes
936;Eunice;Heyfield;Female;Indonesia;01/09/1991;1,7;102;pintura,viajes,libros,musica
937;Katerina;Lindenblatt;Female;Indonesia;13/06/1992;1,65;57;viajes,padel,teatro,teatro
938;Dmitri;Rattenbury;Agender;France;17/12/1994;1,57;113;videojuegos,pintura,viajes,pintura
939;Selestina;Staddart;Female;Philippines;05/01/1988;1,65;109;padel,viajes,teatro,viajes
940;Ryon;Ortzen;Male;Yemen;21/02/2002;1,92;71;yoga,futbol,yoga,teatro
941;Jayson;Kennard;Male;China;22/01/1991;1,83;75;pintura,libros,futbol,squash
942;Danika;Wilhelmy;Female;China;22/06/1994;1,81;89;videojuegos,viajes,musica,libros
943;Sal;Gypps;Female;Russia;10/06/1993;1,83;88;libros,yoga,yoga
944;Amaleta;Hyam;Female;Venezuela;25/01/1997;1,8;80;cine,yoga,cine,viajes
945;Henderson;Doddrell;Male;Azerbaijan;15/04/1996;1,67;56;running,cine,viajes,viajes
946;Packston;Raleston;Male;Indonesia;05/12/1997;1,68;110;teatro,videojuegos,padel
947;Christin;Rubega;Female;Ukraine;19/01/2002;1,57;72;viajes,squash,teatro,cine
948;Oberon;Boutflour;Male;Tanzania;17/06/1995;1,66;90;squash,libros,squash,futbol
949;Austen;Abreheart;Male;Portugal;08/01/1993;1,87;66;viajes,libros,padel,teatro
950;Monah;MacVean;Female;Sweden;02/04/1989;1,6;61;pintura,pintura,cine
951;Milicent;Blackader;Female;China;01/03/1997;1,96;58;yoga,viajes,videojuegos,squash
952;Fritz;Grinnikov;Male;Bulgaria;26/03/1989;1,73;82;padel,teatro,pintura,viajes
953;Vin;Jolin;Male;Palestinian Territory;26/06/2001;1,97;111;libros,cine,squash,futbol
954;Wyatan;Eaglesham;Male;Ireland;28/02/1994;1,71;116;videojuegos,libros,libros,musica
955;Zak;Raphael;Male;Indonesia;02/09/1992;1,8;75;musica,squash,padel,teatro
956;Kori;Philliskirk;Female;Indonesia;15/11/1995;1,76;94;teatro,peliculas,futbol,teatro
957;Talbert;Dominighi;Male;Italy;10/03/2000;1,61;115;peliculas,teatro,squash,musica
958;Gabriell;Butterwick;Female;Indonesia;10/05/1988;1,73;51;futbol,running,teatro,peliculas
959;Elset;Stollsteimer;Female;Nicaragua;01/06/1990;1,51;66;squash,padel,libros,running
960;Eda;Tchaikovsky;Female;Japan;19/08/1991;1,79;93;viajes,videojuegos,teatro,libros
961;Liz;Cleare;Female;United States;03/01/2002;1,5;94;futbol,squash,videojuegos,futbol
962;Kathrine;Frusher;Female;Czech Republic;20/09/1989;1,9;94;libros,pintura,teatro
963;Allister;Larraway;Male;China;22/01/2000;1,68;58;videojuegos,viajes,pintura,futbol
964;Barbee;Jatczak;Female;Philippines;23/08/1998;1,98;107;padel,teatro,teatro
965;Siusan;Hrynczyk;Female;Russia;01/09/2002;1,68;50;yoga,yoga,yoga,pintura
966;Chadd;Mourbey;Male;China;27/02/1990;1,65;97;pintura,videojuegos,peliculas,videojuegos
967;Frannie;Dureden;Female;Russia;22/02/2000;1,76;62;libros,padel,teatro,viajes
968;Tabina;Grancher;Female;Morocco;03/03/1995;2,04;76;videojuegos,padel,musica,peliculas
969;Jayme;Robeson;Male;United States;07/06/1996;1,6;87;padel,futbol,viajes
970;Rhett;Blackburne;Male;Guatemala;22/05/1997;1,86;60;musica,yoga,teatro,yoga
971;Lauree;Verdie;Female;Colombia;18/11/1990;1,87;91;libros,running,peliculas,musica
972;Debbie;Bremond;Female;Morocco;28/10/1994;1,66;93;videojuegos,pintura,running,musica
973;Concordia;Vanyukov;Female;Malaysia;05/04/1995;1,53;78;videojuegos,musica,pintura,running
974;Richmond;Maypowder;Male;Poland;16/05/1995;1,76;72;cine,musica,cine
975;Marget;Alderman;Non-binary;Bangladesh;15/02/1991;2;116;pintura,pintura,pintura,futbol
976;Livy;Dietz;Female;Indonesia;21/01/2000;1,56;72;padel,yoga,pintura,libros
977;Petr;Servis;Male;China;08/11/1994;1,6;113;running,padel,running,teatro
978;Eward;Creffeild;Male;Cape Verde;12/06/1992;1,82;52;yoga,running,teatro,videojuegos
979;Valenka;Basant;Female;Mexico;07/08/2000;1,71;55;musica,running,musica
980;Dion;Koppel;Female;Russia;29/12/1994;1,95;102;running,running,futbol,futbol
981;Nester;Ades;Male;Honduras;13/09/1992;1,91;60;yoga,musica,viajes,viajes
982;Blondie;Treadway;Female;Indonesia;22/03/2001;2,01;117;futbol,teatro,peliculas,peliculas
983;Jacquetta;Beves;Female;China;29/11/1995;1,9;92;futbol,libros,pintura,squash
984;Chandler;Camilio;Male;United States;04/10/1996;1,93;87;padel,musica,pintura,padel
985;Liza;Duer;Female;Philippines;21/01/1991;1,57;100;libros,futbol,libros
986;Hercule;Beller;Male;Nigeria;07/11/1987;1,72;75;teatro,teatro,teatro,libros
987;Kassi;Durnin;Female;Argentina;20/07/1994;1,63;69;viajes,videojuegos,yoga
988;Ike;Stonestreet;Male;Tanzania;01/08/1991;1,94;73;videojuegos,yoga,viajes,futbol
989;Darla;Duffin;Female;Kazakhstan;15/01/1995;1,93;106;teatro,cine,cine
990;Brocky;Gabe;Male;Indonesia;17/05/1990;1,72;54;peliculas,padel,futbol,squash
991;Delcina;Eirwin;Non-binary;Thailand;18/02/1999;1,8;57;viajes,peliculas,squash,viajes
992;Phil;Airton;Male;Vietnam;29/04/1996;1,85;78;viajes,cine,teatro,cine
993;Jammal;Husset;Male;Russia;12/12/1999;1,96;90;viajes,futbol,viajes,padel
994;Germayne;Blankenship;Male;Ukraine;22/01/1990;1,68;91;squash,pintura,squash,viajes
995;Rachael;Boatman;Female;Kyrgyzstan;31/05/1996;1,73;59;peliculas,running,squash,peliculas
996;Meir;Ladley;Male;Czech Republic;17/11/1995;1,8;84;pintura,pintura,viajes,musica
997;Cornie;McGillacoell;Female;Argentina;29/12/1989;1,61;56;viajes,libros,squash,musica
998;Yale;MacAndrew;Male;Norway;02/04/1990;1,79;82;cine,cine,pintura
999;Link;Ahrendsen;Male;Indonesia;12/01/1988;1,6;80;videojuegos,running,libros,libros
1000;Robby;Oland;Male;Poland;20/03/1995;0,5;58;peliculas,teatro,viajes,libros
